Workbook
Name BOL: OFFSET('[1]DaysInWIP control'!$AA$2,1,0,COUNTA('[1]DaysInWIP control'!#REF!),1)
Name BOL: OFFSET(#REF!,1,0,COUNTA(#REF!),1)
Name date1: OFFSET('[1]DaysInWIP control'!$V$2,1,0,COUNTA('[1]DaysInWIP control'!#REF!),1)
Name date1: OFFSET(#REF!,1,0,COUNTA(#REF!),1)
Name EOL: OFFSET('[1]DaysInWIP control'!$AK$2,1,0,COUNTA('[1]DaysInWIP control'!$AL$11:$AL$25),1)
Name EOL: OFFSET(#REF!,1,0,COUNTA(#REF!),1)
Name FCT: '[2]Formation time data'!$A$1:$B$3173
Name MATA_WIP: [3]!Table_ExternalData_1[#All]
Name MOL: OFFSET('[1]DaysInWIP control'!$AD$2,1,0,COUNTA('[1]DaysInWIP control'!#REF!),1)
Name MOL: OFFSET(#REF!,1,0,COUNTA(#REF!),1)
Name SMT: OFFSET('[1]DaysInWIP control'!$AM$2,1,0,COUNTA('[1]DaysInWIP control'!$AN$4:$AN$28),1)
Name SMT: OFFSET(#REF!,1,0,COUNTA(#REF!),1)

Sheet Carouselwash
A1: PartType | B1: PowderType | C1: Cspec | D1: Cspec2 | E1: ParameterName | F1: Parttype combine | G1: PartType+PowderType | H1: ParameterValue | I1: CarouselwashTime
A2: 598B107/006 | B2: STA156KA | C2: E070 | D2: 0000 | E2: KMS_RouteECP | F2: 598B107/006STA156KAE070 | G2: =k[[#This Row],[PartType]]&k[[#This Row],[PowderType]] -> 598B107/006STA156KA | H2: S45103SXMU2P | I2: {=_xlfn.IFS(LEFT(k[[#This Row],[ParameterValue]],1)="S",3,LEFT(k[[#This Row],[ParameterValue]],1)="X",2, LEFT(k[[#This Row],[ParameterValue]],1)="D",4)} -> 3
A3: 521B106/016 | B3: FTW400 | C3: E090 | D3: 0000 | E3: KMS_RouteECP | F3: 521B106/016FTW400E090 | G3: =k[[#This Row],[PartType]]&k[[#This Row],[PowderType]] -> 521B106/016FTW400 | H3: S40102BP5 | I3: {=_xlfn.IFS(LEFT(k[[#This Row],[ParameterValue]],1)="S",3,LEFT(k[[#This Row],[ParameterValue]],1)="X",2, LEFT(k[[#This Row],[ParameterValue]],1)="D",4)} -> 3
A4: 521B106/016 | B4: FTW400 | C4: E100 | D4: 0000 | E4: KMS_RouteECP | F4: 521B106/016FTW400E100 | G4: =k[[#This Row],[PartType]]&k[[#This Row],[PowderType]] -> 521B106/016FTW400 | H4: S40102BP5 | I4: {=_xlfn.IFS(LEFT(k[[#This Row],[ParameterValue]],1)="S",3,LEFT(k[[#This Row],[ParameterValue]],1)="X",2, LEFT(k[[#This Row],[ParameterValue]],1)="D",4)} -> 3
A5: 521V156/050 | B5: C275 | C5: E070 | D5: 0000 | E5: KMS_RouteECP | F5: 521V156/050C275E070 | G5: =k[[#This Row],[PartType]]&k[[#This Row],[PowderType]] -> 521V156/050C275 | H5: X20103BP5 | I5: {=_xlfn.IFS(LEFT(k[[#This Row],[ParameterValue]],1)="S",3,LEFT(k[[#This Row],[ParameterValue]],1)="X",2, LEFT(k[[#This Row],[ParameterValue]],1)="D",4)} -> 2
A6: 521V116/050 | B6: C275 | C6: E070 | D6: 0000 | E6: KMS_RouteECP | F6: 521V116/050C275E070 | G6: =k[[#This Row],[PartType]]&k[[#This Row],[PowderType]] -> 521V116/050C275 | H6: X30103BP5 | I6: {=_xlfn.IFS(LEFT(k[[#This Row],[ParameterValue]],1)="S",3,LEFT(k[[#This Row],[ParameterValue]],1)="X",2, LEFT(k[[#This Row],[ParameterValue]],1)="D",4)} -> 2
A7: 521X226/050 | B7: C275 | C7: E080 | D7: 0000 | E7: KMS_RouteECP | F7: 521X226/050C275E080 | G7: =k[[#This Row],[PartType]]&k[[#This Row],[PowderType]] -> 521X226/050C275 | H7: X20103BEP5 | I7: {=_xlfn.IFS(LEFT(k[[#This Row],[ParameterValue]],1)="S",3,LEFT(k[[#This Row],[ParameterValue]],1)="X",2, LEFT(k[[#This Row],[ParameterValue]],1)="D",4)} -> 2
A8: 522V227/006 | B8: NT50 | C8: 4109 | D8: 0000 | E8: KMS_RouteECP | F8: 522V227/006NT504109 | G8: =k[[#This Row],[PartType]]&k[[#This Row],[PowderType]] -> 522V227/006NT50 | H8: S38103HKP | I8: {=_xlfn.IFS(LEFT(k[[#This Row],[ParameterValue]],1)="S",3,LEFT(k[[#This Row],[ParameterValue]],1)="X",2, LEFT(k[[#This Row],[ParameterValue]],1)="D",4)} -> 3
A9: 591V227/2R5 | B9: NT50 | C9: E009 | D9: 0000 | E9: KMS_RouteECP | F9: 591V227/2R5NT50E009 | G9: =k[[#This Row],[PartType]]&k[[#This Row],[PowderType]] -> 591V227/2R5NT50 | H9: S38102S | I9: {=_xlfn.IFS(LEFT(k[[#This Row],[ParameterValue]],1)="S",3,LEFT(k[[#This Row],[ParameterValue]],1)="X",2, LEFT(k[[#This Row],[ParameterValue]],1)="D",4)} -> 3
A10: 598D476/025 | B10: FTP200 | C10: E060 | D10: SUZH | E10: KMS_RouteECP | F10: 598D476/025FTP200E060 | G10: =k[[#This Row],[PartType]]&k[[#This Row],[PowderType]] -> 598D476/025FTP200 | H10: S20113V6BP7 | I10: {=_xlfn.IFS(LEFT(k[[#This Row],[ParameterValue]],1)="S",3,LEFT(k[[#This Row],[ParameterValue]],1)="X",2, LEFT(k[[#This Row],[ParameterValue]],1)="D",4)} -> 3
A11: 598D337/006 | B11: NT50 | C11: E025 | D11: SUZH | E11: KMS_RouteECP | F11: 598D337/006NT50E025 | G11: =k[[#This Row],[PartType]]&k[[#This Row],[PowderType]] -> 598D337/006NT50 | H11: S35113SP | I11: {=_xlfn.IFS(LEFT(k[[#This Row],[ParameterValue]],1)="S",3,LEFT(k[[#This Row],[ParameterValue]],1)="X",2, LEFT(k[[#This Row],[ParameterValue]],1)="D",4)} -> 3
A12: 598D227/010 | B12: NT50 | C12: E040 | D12: SUZH | E12: KMS_RouteECP | F12: 598D227/010NT50E040 | G12: =k[[#This Row],[PartType]]&k[[#This Row],[PowderType]] -> 598D227/010NT50 | H12: S35113SP | I12: {=_xlfn.IFS(LEFT(k[[#This Row],[ParameterValue]],1)="S",3,LEFT(k[[#This Row],[ParameterValue]],1)="X",2, LEFT(k[[#This Row],[ParameterValue]],1)="D",4)} -> 3
A13: 591V226/035 | B13: TTS40 | C13: E075 | D13: 0000 | E13: KMS_RouteECP | F13: 591V226/035TTS40E075 | G13: =k[[#This Row],[PartType]]&k[[#This Row],[PowderType]] -> 591V226/035TTS40 | H13: X30114BP6 | I13: {=_xlfn.IFS(LEFT(k[[#This Row],[ParameterValue]],1)="S",3,LEFT(k[[#This Row],[ParameterValue]],1)="X",2, LEFT(k[[#This Row],[ParameterValue]],1)="D",4)} -> 2
... A2674: 598D157/016 | B2674: TTS50 | C2674: W065 | D2674: 0000 | E2674: KMS_RouteECP | F2674: 598D157/016TTS50W065 | G2674: =k[[#This Row],[PartType]]&k[[#This Row],[PowderType]] -> 598D157/016TTS50 | H2674: S33133SU2P | I2674: {=_xlfn.IFS(LEFT(k[[#This Row],[ParameterValue]],1)="S",3,LEFT(k[[#This Row],[ParameterValue]],1)="X",2, LEFT(k[[#This Row],[ParameterValue]],1)="D",4)} -> 3

Sheet Form CT
A1: Column1 | B1: Column2 | C1: Column3 | D1: Column4 | E1: Column5 | F1: Column6 | G1: Column7 | H1: Column8 | I1: 8
A2: S.PN | B2: PowderPN | C2: Powder | D2: 1st | E2: 2nd | F2: 有效 | G2: Date | H2: Lots | I2: Combine
A3: T520B107M006ATE015 | B3: A520B107M006ASE015 | C3: S805 | D3: 295.07633 | E3: 151.34114 | F3: 1 | G3: 2026 | H3: 31 | I3: =A3&B3&C3 -> T520B107M006ATE015A520B107M006ASE015S805
A4: T520B107M006ATE018 | B4: A520B107M006ASE018 | C4: S805 | D4: 268.30655 | E4: 149.51505 | F4: 1 | G4: 2026 | H4: 4 | I4: =A4&B4&C4 -> T520B107M006ATE018A520B107M006ASE018S805
A5: T520B107M006ATE025 | B5: A520B157M006ASE025 | C5: STA156KA | D5: 725.04267 | E5: 202.01226 | F5: 1 | G5: 2026 | H5: 25 | I5: =A5&B5&C5 -> T520B107M006ATE025A520B157M006ASE025STA156KA
A6: T520B107M006ATE025 | B6: A520B107M006ASE025 | C6: KBP126 | D6: 420.20453 | E6: 148.95814 | F6: 1 | G6: 2026 | H6: 50 | I6: =A6&B6&C6 -> T520B107M006ATE025A520B107M006ASE025KBP126
A7: T520B107M006ATE025 | B7: A520B107M006ASE025 | C7: KBP126X | D7: 419.37188 | E7: 171.50881 | F7: 1 | G7: 2026 | H7: 5 | I7: =A7&B7&C7 -> T520B107M006ATE025A520B107M006ASE025KBP126X
A8: T520B107M006ATE035 | B8: A520B107M006ASMHSP | C8: KBP126 | D8: 424.59874 | E8: 163.52096 | F8: 1 | G8: 2026 | H8: 50 | I8: =A8&B8&C8 -> T520B107M006ATE035A520B107M006ASMHSPKBP126
A9: T520B107M006ATE040 | B9: A520B107M006ASMHSP | C9: KBP126 | D9: 429.2104 | E9: 146.62431 | F9: 1 | G9: 2026 | H9: 50 | I9: =A9&B9&C9 -> T520B107M006ATE040A520B107M006ASMHSPKBP126
A10: T520B107M006ATE040 | B10: A520B107M006AS9997 | C10: STA156KA | D10: 414.77512 | E10: 122.5935 | F10: 1 | G10: 2026 | H10: 1 | I10: =A10&B10&C10 -> T520B107M006ATE040A520B107M006AS9997STA156KA
A11: T520B107M006ATE045 | B11: A520B107M006ASMHSP | C11: KBP126 | D11: 433.32113 | E11: 165.39003 | F11: 1 | G11: 2026 | H11: 48 | I11: =A11&B11&C11 -> T520B107M006ATE045A520B107M006ASMHSPKBP126
A12: T520B157M006ATE018 | B12: A520B157M006AS9997 | C12: TTS150 | D12: 468.90198 | E12: 143.00102 | F12: 1 | G12: 2026 | H12: 5 | I12: =A12&B12&C12 -> T520B157M006ATE018A520B157M006AS9997TTS150
A13: T520B157M006ATE018 | B13: A520B157M006ASE025 | C13: STA156KA | D13: 572.88094 | E13: 200.92873 | F13: 1 | G13: 2026 | H13: 50 | I13: =A13&B13&C13 -> T520B157M006ATE018A520B157M006ASE025STA156KA
A14: T520B157M006ATE018 | B14: A520B157M006ASMHSB | C14: STA156KA | D14: 458.90724 | E14: 146.10952 | F14: 1 | G14: 2026 | H14: 50 | I14: =A14&B14&C14 -> T520B157M006ATE018A520B157M006ASMHSBSTA156KA
... A851: T520C227M006AHE025 | B851: A520C227M006ASMHSS | C851: KBP126 | D851: 337.73333 | E851: 135.13533 | F851: 1 | G851: 2026 | H851: 1 | I851: =A851&B851&C851 -> T520C227M006AHE025A520C227M006ASMHSSKBP126
A852: S.PN | B852: PowderPN | C852: Powder | D852: 1st | E852: 2nd | F852: 有效 | G852: Date | H852: Lots | I852: =A852&B852&C852 -> S.PNPowderPNPowder
A853: T520B107M006ATE015 | B853: A520B107M006ASE015 | C853: S805 | D853: 295.07633 | E853: 151.34114 | F853: 1 | G853: 2025 | H853: 31 | I853: =A853&B853&C853 -> T520B107M006ATE015A520B107M006ASE015S805
A854: T520B107M006ATE018 | B854: A520B107M006ASE018 | C854: S805 | D854: 268.30655 | E854: 149.51505 | F854: 1 | G854: 2025 | H854: 4 | I854: =A854&B854&C854 -> T520B107M006ATE018A520B107M006ASE018S805
A855: T520B107M006ATE025 | B855: A520B157M006ASE025 | C855: STA156KA | D855: 725.04267 | E855: 202.01226 | F855: 1 | G855: 2025 | H855: 25 | I855: =A855&B855&C855 -> T520B107M006ATE025A520B157M006ASE025STA156KA
A856: T520B107M006ATE025 | B856: A520B107M006ASE025 | C856: KBP126 | D856: 420.20453 | E856: 148.95814 | F856: 1 | G856: 2025 | H856: 50 | I856: =A856&B856&C856 -> T520B107M006ATE025A520B107M006ASE025KBP126
A857: T520B107M006ATE025 | B857: A520B107M006ASE025 | C857: KBP126X | D857: 419.37188 | E857: 171.50881 | F857: 1 | G857: 2025 | H857: 5 | I857: =A857&B857&C857 -> T520B107M006ATE025A520B107M006ASE025KBP126X
A858: T520B107M006ATE035 | B858: A520B107M006ASMHSP | C858: KBP126 | D858: 424.59874 | E858: 163.52096 | F858: 1 | G858: 2025 | H858: 50 | I858: =A858&B858&C858 -> T520B107M006ATE035A520B107M006ASMHSPKBP126
A859: T520B107M006ATE040 | B859: A520B107M006ASMHSP | C859: KBP126 | D859: 429.2104 | E859: 146.62431 | F859: 1 | G859: 2025 | H859: 50 | I859: =A859&B859&C859 -> T520B107M006ATE040A520B107M006ASMHSPKBP126
A860: T520B107M006ATE040 | B860: A520B107M006AS9997 | C860: STA156KA | D860: 414.77512 | E860: 122.5935 | F860: 1 | G860: 2025 | H860: 1 | I860: =A860&B860&C860 -> T520B107M006ATE040A520B107M006AS9997STA156KA
A861: T520B107M006ATE045 | B861: A520B107M006ASMHSP | C861: KBP126 | D861: 433.32113 | E861: 165.39003 | F861: 1 | G861: 2025 | H861: 48 | I861: =A861&B861&C861 -> T520B107M006ATE045A520B107M006ASMHSPKBP126
A862: T520B157M006ATE018 | B862: A520B157M006AS9997 | C862: TTS150 | D862: 468.90198 | E862: 143.00102 | F862: 1 | G862: 2025 | H862: 5 | I862: =A862&B862&C862 -> T520B157M006ATE018A520B157M006AS9997TTS150
A863: T520B157M006ATE018 | B863: A520B157M006ASE025 | C863: STA156KA | D863: 572.88094 | E863: 200.92873 | F863: 1 | G863: 2025 | H863: 50 | I863: =A863&B863&C863 -> T520B157M006ATE018A520B157M006ASE025STA156KA
A864: T520B157M006ATE018 | B864: A520B157M006ASMHSB | C864: STA156KA | D864: 458.90724 | E864: 146.10952 | F864: 1 | G864: 2025 | H864: 50 | I864: =A864&B864&C864 -> T520B157M006ATE018A520B157M006ASMHSBSTA156KA
... A1701: T520C227M006AHE025 | B1701: A520C227M006ASMHSS | C1701: KBP126 | D1701: 337.73333 | E1701: 135.13533 | F1701: 1 | G1701: 2025 | H1701: 1 | I1701: =A1701&B1701&C1701 -> T520C227M006AHE025A520C227M006ASMHSSKBP126
A1702: S.PN | B1702: PowderPN | C1702: Powder | D1702: 1st | E1702: 2nd | F1702: 有效 | G1702: Date | H1702: Lots | I1702: =A1702&B1702&C1702 -> S.PNPowderPNPowder
A1703: T520B107M006ATE015 | B1703: A520B107M006ASE015 | C1703: S805 | D1703: 330.10805 | E1703: 213.2414 | F1703: 1 | G1703: 2024 | H1703: 19 | I1703: =A1703&B1703&C1703 -> T520B107M006ATE015A520B107M006ASE015S805
A1704: T520B107M006ATE018 | B1704: A520B107M006ASE018 | C1704: S805 | D1704: 301.25067 | E1704: 201.37123 | F1704: 1 | G1704: 2024 | H1704: 1 | I1704: =A1704&B1704&C1704 -> T520B107M006ATE018A520B107M006ASE018S805
A1705: T520B107M006ATE018 | B1705: A520B107M006AS9997 | C1705: KBP74E | D1705: 393.81455 | E1705: 131.141 | F1705: 1 | G1705: 2024 | H1705: 1 | I1705: =A1705&B1705&C1705 -> T520B107M006ATE018A520B107M006AS9997KBP74E
A1706: T520B107M006ATE018 | B1706: A520B107M006AS9997 | C1706: KBP126X | D1706: 420.01512 | E1706: 130.37038 | F1706: 1 | G1706: 2024 | H1706: 1 | I1706: =A1706&B1706&C1706 -> T520B107M006ATE018A520B107M006AS9997KBP126X
A1707: T520B107M006ATE025 | B1707: A520B157M006ASE025 | C1707: STA156KA | D1707: 699.24466 | E1707: 232.23449 | F1707: 1 | G1707: 2024 | H1707: 22 | I1707: =A1707&B1707&C1707 -> T520B107M006ATE025A520B157M006ASE025STA156KA
A1708: T520B107M006ATE025 | B1708: A520B157M006ASE025 | C1708: SKIPR | D1708: 747.02145 | E1708: 134.37533 | F1708: 1 | G1708: 2024 | H1708: 1 | I1708: =A1708&B1708&C1708 -> T520B107M006ATE025A520B157M006ASE025SKIPR
A1709: T520B107M006ATE025 | B1709: A520B107M006AS9997 | C1709: KBP126X | D1709: 562.92383 | E1709: 123.9915 | F1709: 1 | G1709: 2024 | H1709: 1 | I1709: =A1709&B1709&C1709 -> T520B107M006ATE025A520B107M006AS9997KBP126X
A1710: T520B107M006ATE040 | B1710: A520B107M006ASMHSP | C1710: KBP126 | D1710: 447.13612 | E1710: 167.97344 | F1710: 1 | G1710: 2024 | H1710: 50 | I1710: =A1710&B1710&C1710 -> T520B107M006ATE040A520B107M006ASMHSPKBP126
A1711: T520B107M006ATE045 | B1711: A520B107M006ASMHSP | C1711: KBP126 | D1711: 472.42606 | E1711: 178.60598 | F1711: 1 | G1711: 2024 | H1711: 50 | I1711: =A1711&B1711&C1711 -> T520B107M006ATE045A520B107M006ASMHSPKBP126
A1712: T520B157M006ATE018 | B1712: A520B157M006AS9997 | C1712: PTSA | D1712: 514.21486 | E1712: 278.97183 | F1712: 1 | G1712: 2024 | H1712: 4 | I1712: =A1712&B1712&C1712 -> T520B157M006ATE018A520B157M006AS9997PTSA
A1713: T520B157M006ATE018 | B1713: A520B157M006AS9997 | C1713: TTS150 | D1713: 474.306 | E1713: 161.66375 | F1713: 1 | G1713: 2024 | H1713: 8 | I1713: =A1713&B1713&C1713 -> T520B157M006ATE018A520B157M006AS9997TTS150
A1714: T520B157M006ATE018 | B1714: A520B157M006AS9997 | C1714: STA156KX | D1714: 357.51281 | E1714: 190.48758 | F1714: 1 | G1714: 2024 | H1714: 2 | I1714: =A1714&B1714&C1714 -> T520B157M006ATE018A520B157M006AS9997STA156KX
... A2401: T523T226M025APE100 | B2401: A523T226M025AS9997 | C2401: S805 | D2401: 541.69167 | E2401: 191.53193 | F2401: 1 | G2401: 2024 | H2401: 1 | I2401: =A2401&B2401&C2401 -> T523T226M025APE100A523T226M025AS9997S805
A2402: S.PN | B2402: PowderPN | C2402: Powder | D2402: 1st | E2402: 2nd | F2402: 有效 | G2402: Date | H2402: Lots | I2402: =A2402&B2402&C2402 -> S.PNPowderPNPowder
A2403: T520B107M003ATE070 | B2403: A520B107K003AS | C2403: STA156KA | D2403: 365.48333 | E2403: 129.06667 | F2403: 1 | G2403: 2023 | H2403: 1 | I2403: =A2403&B2403&C2403 -> T520B107M003ATE070A520B107K003ASSTA156KA
A2404: T520B107M006ATE015 | B2404: A520B107M006ASE015 | C2404: S805 | D2404: 288.85819 | E2404: 142.00753 | F2404: 1 | G2404: 2023 | H2404: 16 | I2404: =A2404&B2404&C2404 -> T520B107M006ATE015A520B107M006ASE015S805
A2405: T520B107M006ATE018 | B2405: A520B107M006ASE018 | C2405: S805 | D2405: 281.09752 | E2405: 128.71161 | F2405: 1 | G2405: 2023 | H2405: 3 | I2405: =A2405&B2405&C2405 -> T520B107M006ATE018A520B107M006ASE018S805
A2406: T520B107M006ATE018 | B2406: A520B107M006AS9997 | C2406: KBP74E | D2406: 561.3584 | E2406: 192.70312 | F2406: 1 | G2406: 2023 | H2406: 1 | I2406: =A2406&B2406&C2406 -> T520B107M006ATE018A520B107M006AS9997KBP74E
A2407: T520B107M006ATE025 | B2407: A520B157M006ASE025 | C2407: STA156KA | D2407: 725.74167 | E2407: 201.14861 | F2407: 1 | G2407: 2023 | H2407: 12 | I2407: =A2407&B2407&C2407 -> T520B107M006ATE025A520B157M006ASE025STA156KA
A2408: T520B107M006ATE035 | B2408: A520B107M006ASMHSP | C2408: KBP126 | D2408: 426.39444 | E2408: 145.075 | F2408: 1 | G2408: 2023 | H2408: 6 | I2408: =A2408&B2408&C2408 -> T520B107M006ATE035A520B107M006ASMHSPKBP126
A2409: T520B107M006ATE040 | B2409: A520B107M006ASMHSP | C2409: KBP126 | D2409: 440.40678 | E2409: 159.66071 | F2409: 1 | G2409: 2023 | H2409: 50 | I2409: =A2409&B2409&C2409 -> T520B107M006ATE040A520B107M006ASMHSPKBP126
A2410: T520B107M006ATE045 | B2410: A520B107M006ASMHSP | C2410: KBP126 | D2410: 434.04885 | E2410: 149.61282 | F2410: 1 | G2410: 2023 | H2410: 50 | I2410: =A2410&B2410&C2410 -> T520B107M006ATE045A520B107M006ASMHSPKBP126
A2411: T520B157M006ATE018 | B2411: A520B157M006AS9997 | C2411: STA156KA | D2411: 576.84697 | E2411: 186.46308 | F2411: 1 | G2411: 2023 | H2411: 4 | I2411: =A2411&B2411&C2411 -> T520B157M006ATE018A520B157M006AS9997STA156KA
A2412: T520B157M006ATE018 | B2412: A520B157M006AS9997 | C2412: PTSA | D2412: 614.1817 | E2412: 206.2553 | F2412: 1 | G2412: 2023 | H2412: 7 | I2412: =A2412&B2412&C2412 -> T520B157M006ATE018A520B157M006AS9997PTSA
A2413: T520B157M006ATE018 | B2413: A520B157M006ASE025 | C2413: STA156KA | D2413: 587.83591 | E2413: 216.96359 | F2413: 1 | G2413: 2023 | H2413: 50 | I2413: =A2413&B2413&C2413 -> T520B157M006ATE018A520B157M006ASE025STA156KA
A2414: T520B157M006ATE018 | B2414: A520B157M006ASE025 | C2414: PTSA | D2414: 551.81667 | E2414: 207.4 | F2414: 1 | G2414: 2023 | H2414: 1 | I2414: =A2414&B2414&C2414 -> T520B157M006ATE018A520B157M006ASE025PTSA
... A3074: T530X477M006AHE010 | B3074: A530V227K006ASE010 | C3074: KBP74 | D3074: 367.81755 | E3074: 131.08417 | F3074: 1 | G3074: 2023 | H3074: 1 | I3074: =A3074&B3074&C3074 -> T530X477M006AHE010A530V227K006ASE010KBP74
A3075: S.PN | B3075: PowderPN | C3075: Powder | D3075: 1st | E3075: 2nd | F3075: 有效 | G3075: Date | H3075: Lots | I3075: =A3075&B3075&C3075 -> S.PNPowderPNPowder
A3076: T520B106M016ATE100 | B3076: A520B106M016ASE100 | C3076: KBP40 | D3076: 505.11444 | E3076: 196.36222 | F3076: 1 | G3076: 2022 | H3076: 15 | I3076: =A3076&B3076&C3076 -> T520B106M016ATE100A520B106M016ASE100KBP40
A3077: T520B107M003ATE070 | B3077: A520B107K003AS | C3077: STA156KA | D3077: 412.81667 | E3077: 185.5 | F3077: 1 | G3077: 2022 | H3077: 1 | I3077: =A3077&B3077&C3077 -> T520B107M003ATE070A520B107K003ASSTA156KA
A3078: T520B107M006ATE015 | B3078: A520B107M006ASE015 | C3078: S805 | D3078: 285.52764 | E3078: 182.92063 | F3078: 1 | G3078: 2022 | H3078: 41 | I3078: =A3078&B3078&C3078 -> T520B107M006ATE015A520B107M006ASE015S805
A3079: T520B107M006ATE018 | B3079: A520B107M006ASE018 | C3079: S805 | D3079: 285.17 | E3079: 129.22333 | F3079: 1 | G3079: 2022 | H3079: 5 | I3079: =A3079&B3079&C3079 -> T520B107M006ATE018A520B107M006ASE018S805
A3080: T520B107M006ATE025 | B3080: A520B157M006ASE025 | C3080: STA156KA | D3080: 713.48933 | E3080: 213.36233 | F3080: 1 | G3080: 2022 | H3080: 50 | I3080: =A3080&B3080&C3080 -> T520B107M006ATE025A520B157M006ASE025STA156KA
A3081: T520B107M006ATE035 | B3081: A520B107M006ASMHSP | C3081: KBP126 | D3081: 430.40867 | E3081: 137.66967 | F3081: 1 | G3081: 2022 | H3081: 50 | I3081: =A3081&B3081&C3081 -> T520B107M006ATE035A520B107M006ASMHSPKBP126
A3082: T520B107M006ATE040 | B3082: A520B107M006ASMHSP | C3082: KBP126 | D3082: 421.41133 | E3082: 146.105 | F3082: 1 | G3082: 2022 | H3082: 50 | I3082: =A3082&B3082&C3082 -> T520B107M006ATE040A520B107M006ASMHSPKBP126
A3083: T520B107M006ATE045 | B3083: A520B107M006ASMHSP | C3083: KBP126 | D3083: 412.82433 | E3083: 141.11467 | F3083: 1 | G3083: 2022 | H3083: 50 | I3083: =A3083&B3083&C3083 -> T520B107M006ATE045A520B107M006ASMHSPKBP126
A3084: T520B107M006ATE070 | B3084: A520B107M006ASMHSP | C3084: KBP126 | D3084: 429.79133 | E3084: 174.025 | F3084: 1 | G3084: 2022 | H3084: 50 | I3084: =A3084&B3084&C3084 -> T520B107M006ATE070A520B107M006ASMHSPKBP126
A3085: T520B157M004ATE040 | B3085: A520B157K004ASE040 | C3085: STA156KA | D3085: 362.58889 | E3085: 341.72778 | F3085: 1 | G3085: 2022 | H3085: 3 | I3085: =A3085&B3085&C3085 -> T520B157M004ATE040A520B157K004ASE040STA156KA
A3086: T520B157M006ATE018 | B3086: A520B157M006AS9997 | C3086: S15MB | D3086: 589.98571 | E3086: 184.28333 | F3086: 1 | G3086: 2022 | H3086: 7 | I3086: =A3086&B3086&C3086 -> T520B157M006ATE018A520B157M006AS9997S15MB
A3087: T520B157M006ATE018 | B3087: A520B157M006ASE025 | C3087: STA156KA | D3087: 613.962 | E3087: 215.74733 | F3087: 1 | G3087: 2022 | H3087: 50 | I3087: =A3087&B3087&C3087 -> T520B157M006ATE018A520B157M006ASE025STA156KA
... A3945: T528Z227M006ATE012 | B3945: A528Z227M006ASE009 | C3945: KBP76 | D3945: 276.26667 | E3945: 125.6 | F3945: 1 | G3945: 2022 | H3945: 1 | I3945: =A3945&B3945&C3945 -> T528Z227M006ATE012A528Z227M006ASE009KBP76
A3946: S.PN | B3946: PowderPN | C3946: Powder | D3946: 1st | E3946: 2nd | F3946: 有效 | G3946: Date | H3946: Lots | I3946: =A3946&B3946&C3946 -> S.PNPowderPNPowder
A3947: T520B106M016ATE100 | B3947: A520B106M016ASE100 | C3947: NT40 | D3947: 520.325 | E3947: 211.47917 | F3947: 1 | G3947: 2020-2021 | H3947: 4 | I3947: =A3947&B3947&C3947 -> T520B106M016ATE100A520B106M016ASE100NT40
A3948: T520B106M016ATE100 | B3948: A520B106M016ASE100 | C3948: KBP40 | D3948: 502.11818 | E3948: 196.23333 | F3948: 1 | G3948: 2020-2021 | H3948: 11 | I3948: =A3948&B3948&C3948 -> T520B106M016ATE100A520B106M016ASE100KBP40
A3949: T520B107M003ATE070 | B3949: A520B107K003AS | C3949: STA156KA | D3949: 336.91667 | E3949: 122.95 | F3949: 1 | G3949: 2020-2021 | H3949: 3 | I3949: =A3949&B3949&C3949 -> T520B107M003ATE070A520B107K003ASSTA156KA
A3950: T520B107M004ATE025 | B3950: A520B107M004ASE025 | C3950: KBP74 | D3950: 211.3 | E3950: 144.85 | F3950: 1 | G3950: 2020-2021 | H3950: 1 | I3950: =A3950&B3950&C3950 -> T520B107M004ATE025A520B107M004ASE025KBP74
A3951: T520B107M004ATE035 | B3951: A520B107K004AS | C3951: STA156KA | D3951: 401.36042 | E3951: 142.24583 | F3951: 1 | G3951: 2020-2021 | H3951: 8 | I3951: =A3951&B3951&C3951 -> T520B107M004ATE035A520B107K004ASSTA156KA
A3952: T520B107M004ATE040 | B3952: A520B107K004AS | C3952: STA156KA | D3952: 332.92222 | E3952: 146.88333 | F3952: 1 | G3952: 2020-2021 | H3952: 3 | I3952: =A3952&B3952&C3952 -> T520B107M004ATE040A520B107K004ASSTA156KA
A3953: T520B107M006ATE015 | B3953: A520B107M006AS9997 | C3953: S805 | D3953: 288.55 | E3953: 125.22667 | F3953: 1 | G3953: 2020-2021 | H3953: 5 | I3953: =A3953&B3953&C3953 -> T520B107M006ATE015A520B107M006AS9997S805
A3954: T520B107M006ATE015 | B3954: A520B107M006ASE015 | C3954: S805 | D3954: 294.741 | E3954: 155.79633 | F3954: 1 | G3954: 2020-2021 | H3954: 50 | I3954: =A3954&B3954&C3954 -> T520B107M006ATE015A520B107M006ASE015S805
A3955: T520B107M006ATE018 | B3955: A520B107M006ASE018 | C3955: S805 | D3955: 266.30556 | E3955: 181.95185 | F3955: 1 | G3955: 2020-2021 | H3955: 9 | I3955: =A3955&B3955&C3955 -> T520B107M006ATE018A520B107M006ASE018S805
A3956: T520B107M006ATE025 | B3956: A520B107M006AS9997 | C3956: NT80 | D3956: 214.78333 | E3956: 128.2 | F3956: 1 | G3956: 2020-2021 | H3956: 1 | I3956: =A3956&B3956&C3956 -> T520B107M006ATE025A520B107M006AS9997NT80
A3957: T520B107M006ATE025 | B3957: A520B157M006ASE025 | C3957: STA156KA | D3957: 698.00633 | E3957: 206.06 | F3957: 1 | G3957: 2020-2021 | H3957: 50 | I3957: =A3957&B3957&C3957 -> T520B107M006ATE025A520B157M006ASE025STA156KA
A3958: T520B107M006ATE035 | B3958: A520B107M006ASE070 | C3958: STA156KA | D3958: 365.72143 | E3958: 153.1125 | F3958: 1 | G3958: 2020-2021 | H3958: 7 | I3958: =A3958&B3958&C3958 -> T520B107M006ATE035A520B107M006ASE070STA156KA
... A4829: T530D227M006ATE006 | B4829: A530V686M006ASE006 | C4829: KBP52 | D4829: 239.8 | E4829: 141.01667 | F4829: 1 | G4829: 2020-2021 | H4829: 2 | I4829: =A4829&B4829&C4829 -> T530D227M006ATE006A530V686M006ASE006KBP52
A4830: T530D227M006ATE006 | B4830: #N/A | C4830: #N/A | D4830: 265.51667 | E4830: 200.46667 | F4830: 1 | G4830: 2020-2021 | I4830: =A4830&B4830&C4830 -> T530D227M006ATE006#N/A#N/A
A4831: T530D227M006ATE006 | B4831: A530V686M006AS9997 | C4831: KBP74E | D4831: 214.43333 | E4831: 127.2 | F4831: 1 | G4831: 2020-2021 | H4831: 1 | I4831: =A4831&B4831&C4831 -> T530D227M006ATE006A530V686M006AS9997KBP74E
A4832: T530D227M006ATE006 | B4832: A530V686M006AS9997 | C4832: KBP52 | D4832: 247.09167 | E4832: 188.27222 | F4832: 1 | G4832: 2020-2021 | H4832: 4 | I4832: =A4832&B4832&C4832 -> T530D227M006ATE006A530V686M006AS9997KBP52
A4833: T530D227M006ATE006 | B4833: A530V686M006AS9997 | C4833: KBP76E | D4833: 349.25 | E4833: 133.20833 | F4833: 1 | G4833: 2020-2021 | H4833: 2 | I4833: =A4833&B4833&C4833 -> T530D227M006ATE006A530V686M006AS9997KBP76E
A4834: T530D227M010AHE006 | B4834: A530V686M010ASE006 | C4834: KBP74 | D4834: 376.56667 | E4834: 268.3 | F4834: 1 | G4834: 2020-2021 | H4834: 1 | I4834: =A4834&B4834&C4834 -> T530D227M010AHE006A530V686M010ASE006KBP74
A4835: T530D227M010AHE010 | B4835: A530V686M010ASE006 | C4835: KBP74 | D4835: 268.1625 | E4835: 159.19167 | F4835: 1 | G4835: 2020-2021 | H4835: 4 | I4835: =A4835&B4835&C4835 -> T530D227M010AHE010A530V686M010ASE006KBP74
A4836: T530D227M010ATE006 | B4836: A530V686M010ASE006 | C4836: KBP74 | D4836: 307.59912 | E4836: 175.25088 | F4836: 1 | G4836: 2020-2021 | H4836: 19 | I4836: =A4836&B4836&C4836 -> T530D227M010ATE006A530V686M010ASE006KBP74
A4837: T530D227M010ATE006 | B4837: A530V686M010AS | C4837: NT71 | D4837: 249.01667 | E4837: 130.1 | F4837: 1 | G4837: 2020-2021 | H4837: 1 | I4837: =A4837&B4837&C4837 -> T530D227M010ATE006A530V686M010ASNT71
A4838: T530D227M010ATE010 | B4838: A530V686M010ASE006 | C4838: KBP74 | D4838: 333.28125 | E4838: 165.53958 | F4838: 1 | G4838: 2020-2021 | H4838: 8 | I4838: =A4838&B4838&C4838 -> T530D227M010ATE010A530V686M010ASE006KBP74
A4839: T530D337M004ATE005 | B4839: A530V117M004ASE005 | C4839: KBP52 | D4839: 286.19841 | E4839: 163.89565 | F4839: 1 | G4839: 2020-2021 | H4839: 21 | I4839: =A4839&B4839&C4839 -> T530D337M004ATE005A530V117M004ASE005KBP52
A4840: T530D337M006AHE006 | B4840: A530V117M006ASE006 | C4840: KBP74 | D4840: 262.33148 | E4840: 186.46852 | F4840: 1 | G4840: 2020-2021 | H4840: 9 | I4840: =A4840&B4840&C4840 -> T530D337M006AHE006A530V117M006ASE006KBP74
A4841: T530D337M006AHE010 | B4841: A530V157M006ASE010 | C4841: KBP76 | D4841: 262.03333 | E4841: 214.76667 | F4841: 1 | G4841: 2020-2021 | H4841: 2 | I4841: =A4841&B4841&C4841 -> T530D337M006AHE010A530V157M006ASE010KBP76
A4842: T530D337M006ATE006 | B4842: A530V117M006ASE006 | C4842: KBP74 | D4842: 255.44633 | E4842: 147.76533 | F4842: 1 | G4842: 2020-2021 | H4842: 50 | I4842: =A4842&B4842&C4842 -> T530D337M006ATE006A530V117M006ASE006KBP74
... A5335: T520C477M2R5ATE045 | B5335: A520C477M2R5ASMHSP | C5335: KBP126 | D5335: 258.38333 | E5335: 134.23333 | F5335: 1 | G5335: 2020-2021 | H5335: 1 | I5335: =A5335&B5335&C5335 -> T520C477M2R5ATE045A520C477M2R5ASMHSPKBP126
A5336: S.PN | B5336: PowderPN | C5336: Powder | D5336: 1st | E5336: 2nd | F5336: 有效 | G5336: Date | H5336: Lots | I5336: =A5336&B5336&C5336 -> S.PNPowderPNPowder
...

Sheet KS2
A1: RouteChainName | B1: KS2 Cycles
A2: T520B227M004ATE0452478-A520B227M004ASE035-STA156KA | B2: 1
A3: T520B227M004ATE070-A520B227M004AS-STA156KA | B3: 1
A4: T520B227M006ATE035-A520B227M006AS9997-STA200KE | B4: 1
A5: T520B337M006ATE0407652-A520B337M006ASALT1-STA200KA | B5: 1
A6: T520B337M006ATE040-A520B337M006AS9997-STA200KA | B6: 1
A7: T520B337M006ATE040-A520B337M006ASALT1-STA200KA | B7: 1
A8: T520B337M006ATE040-A520B337M006ASE040-STA200KA | B8: 1
A9: T520B337M006ATE0707652-A520B337M006ASE040-STA200KA | B9: 1
A10: T520B337M006ATE070-A520B337M006ASALT1-STA200KA | B10: 1
A11: T520B337M006ATE070-A520B337M006ASE040-STA200KA | B11: 1
A12: T520M157M006ATE0707650-A520M157M006ASALT1-S15MB | B12: 1
A13: T520M157M006ATE0707650-A520M157M006ASE070-STA156KA | B13: 1
... A429: T523H107M035AP4407-A523H107M035ASSZ02-S706 | B429: 7

Sheet Details (2)
A1: anodeLotID | B1: partNumber | C1: component | D1: powderName | E1: planDate | F1: quantity | G1: startDate | H1: needDate | I1: category | J1: ecpCycle | K1: rCycle | L1: uano | M1: cv | N1: electrolyteType | O1: width | P1: length | Q1: thickness | R1: wiresize | S1: barsPerLid | T1: piecesPerBar | U1: lidRequest | V1: ecpRoute | W1: up | X1: formationCT | Y1: batchSize | Z1: subInventory | AA1: comments | AB1: notes | AC1: orderNumber | AD1: P | AE1: Y | AF1: NGZ | AG1: 停线3天 | AH1: KS2 | AI1: Carouselwash
A2: 2628IF67 | B2: T598D337M006AT41437280 | C2: A598D337M006AS | D2: KBP55 | E2: 2026-07-29 | F2: 20334 | G2: 2026-07-24 | H2: 2026-08-29 | I2: T59D 1 | J2: 8 | K2: 5 | L2: XLPJ61043191-023 | M2: 5896.7 | N2: NGZ | O2: 0.128 | P2: 0.185 | Q2: 0.062 | R2: 0.015 | S2: 50 | T2: 37 | U2: 18 | V2: S35113SP | W2: 32 | X2: 26125.24 | Y2: 33300 | Z2: ANODE-INSP | AA2: fixed,TopRunners,push out | AB2: pass due | AC2: 3882507304 | AD2: =IF(N2=$AD$1,_xlfn.XLOOKUP(LEFT(B2,18)&C2&D2,'Form CT'!I:I,'Form CT'!D:D,0)+_xlfn.XLOOKUP(LEFT(B2,18)&C2&D2,'Form CT'!I:I,'Form CT'!E:E,0),0) -> 0 | AE2: =IF(N2=$AE$1,_xlfn.XLOOKUP(LEFT(B2,18)&C2&D2,'Form CT'!I:I,'Form CT'!D:D,0)+_xlfn.XLOOKUP(LEFT(B2,18)&C2&D2,'Form CT'!I:I,'Form CT'!E:E,0),0) -> 0 | AF2: =IF(N2=$AF$1,_xlfn.XLOOKUP(LEFT(B2,18)&C2&D2,'Form CT'!I:I,'Form CT'!D:D,0)+_xlfn.XLOOKUP(LEFT(B2,18)&C2&D2,'Form CT'!I:I,'Form CT'!E:E,0),0) -> 442.91429 | AG2: =IF(OR( AND(MID(B2,2,2)="59", VALUE(MID(B2,11,2))>24), AND(LEFT(B2,4)="T521", VALUE(MID(B2,11,2))>62), LEFT(B2,4)="T523" ), "符合", "不符合") -> 不符合 | AH2: =_xlfn.XLOOKUP(TRIM(CLEAN(B2))&"-"&TRIM(CLEAN(C2))&"-"&TRIM(CLEAN(D2)),'KS2'!A:A,'KS2'!B:B,0) -> 0 | AI2: =IF(_xlfn.XLOOKUP(MID(B2,2,7)&"/"&MID(B2,10,3)&TRIM(D2)&MID(B2,15,4),Carouselwash!F:F,Carouselwash!I:I,0)=0,_xlfn.XLOOKUP((MID(C2,2,7)&"/"&MID(C2,10,3)&TRIM(D2)),Carouselwash!G:G,Carouselwash!I:I,0),_xlfn.XLOOKUP(MID(B2,2,7)&"/"&MID(B2,10,3)&TRIM(D2)&MID(B2,15,4),Carouselwash!F:F,Carouselwash!I:I,0)) -> 3
A3: 2628DJ67 | B3: T521D106M050ATE0907654 | C3: A521D106M050ASE060 | D3: FTP150 | E3: 2026-07-28 | F3: 16199 | G3: 2026-08-08 | H3: 2026-08-28 | I3: D | J3: 2 | K3: 0 | L3: WB4R16643191-014 | M3: 1676.4 | N3: Y | O3: 0.122 | P3: 0.18 | Q3: 0.056 | R3: 0.015 | S3: 35 | T3: 26 | U3: 18 | V3: X20104BP6 | W3: 32 | X3: 57063.87 | Y3: 16380 | Z3: Intransit | AA3: fixed,TopRunners,pull in | AC3: 3882464174 | AD3: =IF(N3=$AD$1,_xlfn.XLOOKUP(LEFT(B3,18)&C3&D3,'Form CT'!I:I,'Form CT'!D:D,0)+_xlfn.XLOOKUP(LEFT(B3,18)&C3&D3,'Form CT'!I:I,'Form CT'!E:E,0),0) -> 0 | AE3: =IF(N3=$AE$1,_xlfn.XLOOKUP(LEFT(B3,18)&C3&D3,'Form CT'!I:I,'Form CT'!D:D,0)+_xlfn.XLOOKUP(LEFT(B3,18)&C3&D3,'Form CT'!I:I,'Form CT'!E:E,0),0) -> 964.72306 | AF3: =IF(N3=$AF$1,_xlfn.XLOOKUP(LEFT(B3,18)&C3&D3,'Form CT'!I:I,'Form CT'!D:D,0)+_xlfn.XLOOKUP(LEFT(B3,18)&C3&D3,'Form CT'!I:I,'Form CT'!E:E,0),0) -> 0 | AG3: =IF(OR( AND(MID(B3,2,2)="59", VALUE(MID(B3,11,2))>24), AND(LEFT(B3,4)="T521", VALUE(MID(B3,11,2))>62), LEFT(B3,4)="T523" ), "符合", "不符合") -> 不符合 | AH3: =_xlfn.XLOOKUP(TRIM(CLEAN(B3))&"-"&TRIM(CLEAN(C3))&"-"&TRIM(CLEAN(D3)),'KS2'!A:A,'KS2'!B:B,0) -> 1 | AI3: =IF(_xlfn.XLOOKUP(MID(B3,2,7)&"/"&MID(B3,10,3)&TRIM(D3)&MID(B3,15,4),Carouselwash!F:F,Carouselwash!I:I,0)=0,_xlfn.XLOOKUP((MID(C3,2,7)&"/"&MID(C3,10,3)&TRIM(D3)),Carouselwash!G:G,Carouselwash!I:I,0),_xlfn.XLOOKUP(MID(B3,2,7)&"/"&MID(B3,10,3)&TRIM(D3)&MID(B3,15,4),Carouselwash!F:F,Carouselwash!I:I,0)) -> 2
A4: 2628X417 | B4: T598D476M016ATE070 | C4: A598D476M016AS | D4: TTS50 | E4: 2026-07-29 | F4: 29328 | G4: 2026-07-25 | H4: 2026-08-24 | I4: T59D 1 | J4: 7 | K4: 4 | L4: WI/M3014K187-006 | M4: 3057.8 | N4: P | O4: 0.128 | P4: 0.17 | Q4: 0.033 | R4: 0.015 | S4: 50 | T4: 37 | U4: 18 | V4: S34143XSU2P | W4: 32 | X4: 41472.99 | Y4: 33300 | Z4: ANODE-KO | AA4: fixed,pass due,push out | AB4: 3882577024-QTY:16836,pass due | AC4: 3882577023 | AD4: =IF(N4=$AD$1,_xlfn.XLOOKUP(LEFT(B4,18)&C4&D4,'Form CT'!I:I,'Form CT'!D:D,0)+_xlfn.XLOOKUP(LEFT(B4,18)&C4&D4,'Form CT'!I:I,'Form CT'!E:E,0),0) -> 678.41475 | AE4: =IF(N4=$AE$1,_xlfn.XLOOKUP(LEFT(B4,18)&C4&D4,'Form CT'!I:I,'Form CT'!D:D,0)+_xlfn.XLOOKUP(LEFT(B4,18)&C4&D4,'Form CT'!I:I,'Form CT'!E:E,0),0) -> 0 | AF4: =IF(N4=$AF$1,_xlfn.XLOOKUP(LEFT(B4,18)&C4&D4,'Form CT'!I:I,'Form CT'!D:D,0)+_xlfn.XLOOKUP(LEFT(B4,18)&C4&D4,'Form CT'!I:I,'Form CT'!E:E,0),0) -> 0 | AG4: =IF(OR( AND(MID(B4,2,2)="59", VALUE(MID(B4,11,2))>24), AND(LEFT(B4,4)="T521", VALUE(MID(B4,11,2))>62), LEFT(B4,4)="T523" ), "符合", "不符合") -> 不符合 | AH4: =_xlfn.XLOOKUP(TRIM(CLEAN(B4))&"-"&TRIM(CLEAN(C4))&"-"&TRIM(CLEAN(D4)),'KS2'!A:A,'KS2'!B:B,0) -> 1 | AI4: =IF(_xlfn.XLOOKUP(MID(B4,2,7)&"/"&MID(B4,10,3)&TRIM(D4)&MID(B4,15,4),Carouselwash!F:F,Carouselwash!I:I,0)=0,_xlfn.XLOOKUP((MID(C4,2,7)&"/"&MID(C4,10,3)&TRIM(D4)),Carouselwash!G:G,Carouselwash!I:I,0),_xlfn.XLOOKUP(MID(B4,2,7)&"/"&MID(B4,10,3)&TRIM(D4)&MID(B4,15,4),Carouselwash!F:F,Carouselwash!I:I,0)) -> 3
A5: 2628KN57 | B5: T520B157M006ATE0707028 | C5: A520B157M006ASMHSP | D5: S15MB | E5: 2026-07-28 | F5: 50694 | G5: 2026-08-03 | H5: 2026-08-22 | I5: B | J5: 9 | K5: 5 | L5: Q46R2254D191-001 | M5: 2150.3 | N5: P | O5: 0.089 | P5: 0.054 | Q5: 0.041 | R5: 0.0118 | S5: 60 | T5: 47 | U5: 18 | V5: S45103XNU2P | W5: 42 | X5: 45705.58 | Y5: 50760 | Z5: Intransit | AA5: ,pull in | AB5: 3882422094-QTY:15115 | AC5: 3882422093 | AD5: =IF(N5=$AD$1,_xlfn.XLOOKUP(LEFT(B5,18)&C5&D5,'Form CT'!I:I,'Form CT'!D:D,0)+_xlfn.XLOOKUP(LEFT(B5,18)&C5&D5,'Form CT'!I:I,'Form CT'!E:E,0),0) -> 775.01502 | AE5: =IF(N5=$AE$1,_xlfn.XLOOKUP(LEFT(B5,18)&C5&D5,'Form CT'!I:I,'Form CT'!D:D,0)+_xlfn.XLOOKUP(LEFT(B5,18)&C5&D5,'Form CT'!I:I,'Form CT'!E:E,0),0) -> 0 | AF5: =IF(N5=$AF$1,_xlfn.XLOOKUP(LEFT(B5,18)&C5&D5,'Form CT'!I:I,'Form CT'!D:D,0)+_xlfn.XLOOKUP(LEFT(B5,18)&C5&D5,'Form CT'!I:I,'Form CT'!E:E,0),0) -> 0 | AG5: =IF(OR( AND(MID(B5,2,2)="59", VALUE(MID(B5,11,2))>24), AND(LEFT(B5,4)="T521", VALUE(MID(B5,11,2))>62), LEFT(B5,4)="T523" ), "符合", "不符合") -> 不符合 | AH5: =_xlfn.XLOOKUP(TRIM(CLEAN(B5))&"-"&TRIM(CLEAN(C5))&"-"&TRIM(CLEAN(D5)),'KS2'!A:A,'KS2'!B:B,0) -> 0 | AI5: =IF(_xlfn.XLOOKUP(MID(B5,2,7)&"/"&MID(B5,10,3)&TRIM(D5)&MID(B5,15,4),Carouselwash!F:F,Carouselwash!I:I,0)=0,_xlfn.XLOOKUP((MID(C5,2,7)&"/"&MID(C5,10,3)&TRIM(D5)),Carouselwash!G:G,Carouselwash!I:I,0),_xlfn.XLOOKUP(MID(B5,2,7)&"/"&MID(B5,10,3)&TRIM(D5)&MID(B5,15,4),Carouselwash!F:F,Carouselwash!I:I,0)) -> 3
A6: 2628LS67 | B6: T598D337M006AT4143 | C6: A598D337M006AS | D6: KBP55 | E6: 2026-07-29 | F6: 20321 | G6: 2026-07-28 | H6: 2026-09-02 | I6: T59D 1 | J6: 8 | K6: 5 | L6: XLPJ61043191-034 | M6: 5883.9 | N6: NGZ | O6: 0.128 | P6: 0.185 | Q6: 0.062 | R6: 0.015 | S6: 50 | T6: 37 | U6: 18 | V6: S35113SP | W6: 32 | X6: 26236.47 | Y6: 33300 | Z6: ANODE-INSP | AA6: fixed,TopRunners | AB6: pass due | AC6: 3882577240 | AD6: =IF(N6=$AD$1,_xlfn.XLOOKUP(LEFT(B6,18)&C6&D6,'Form CT'!I:I,'Form CT'!D:D,0)+_xlfn.XLOOKUP(LEFT(B6,18)&C6&D6,'Form CT'!I:I,'Form CT'!E:E,0),0) -> 0 | AE6: =IF(N6=$AE$1,_xlfn.XLOOKUP(LEFT(B6,18)&C6&D6,'Form CT'!I:I,'Form CT'!D:D,0)+_xlfn.XLOOKUP(LEFT(B6,18)&C6&D6,'Form CT'!I:I,'Form CT'!E:E,0),0) -> 0 | AF6: =IF(N6=$AF$1,_xlfn.XLOOKUP(LEFT(B6,18)&C6&D6,'Form CT'!I:I,'Form CT'!D:D,0)+_xlfn.XLOOKUP(LEFT(B6,18)&C6&D6,'Form CT'!I:I,'Form CT'!E:E,0),0) -> 442.91429 | AG6: =IF(OR( AND(MID(B6,2,2)="59", VALUE(MID(B6,11,2))>24), AND(LEFT(B6,4)="T521", VALUE(MID(B6,11,2))>62), LEFT(B6,4)="T523" ), "符合", "不符合") -> 不符合 | AH6: =_xlfn.XLOOKUP(TRIM(CLEAN(B6))&"-"&TRIM(CLEAN(C6))&"-"&TRIM(CLEAN(D6)),'KS2'!A:A,'KS2'!B:B,0) -> 0 | AI6: =IF(_xlfn.XLOOKUP(MID(B6,2,7)&"/"&MID(B6,10,3)&TRIM(D6)&MID(B6,15,4),Carouselwash!F:F,Carouselwash!I:I,0)=0,_xlfn.XLOOKUP((MID(C6,2,7)&"/"&MID(C6,10,3)&TRIM(D6)),Carouselwash!G:G,Carouselwash!I:I,0),_xlfn.XLOOKUP(MID(B6,2,7)&"/"&MID(B6,10,3)&TRIM(D6)&MID(B6,15,4),Carouselwash!F:F,Carouselwash!I:I,0)) -> 3
A7: 2629KG47 | B7: T521D106M050ATE0907654 | C7: A521D106M050ASE060 | D7: FTP150 | E7: 2026-07-28 | F7: 16165 | G7: 2026-08-08 | H7: 2026-08-28 | I7: D | J7: 2 | K7: 0 | L7: WB4R16643197-005 | M7: 1745 | N7: Y | O7: 0.122 | P7: 0.18 | Q7: 0.056 | R7: 0.015 | S7: 35 | T7: 26 | U7: 18 | V7: X20104BP6 | W7: 32 | X7: 57063.87 | Y7: 16380 | Z7: Intransit | AA7: fixed,TopRunners,pull in | AC7: 3882464174 | AD7: =IF(N7=$AD$1,_xlfn.XLOOKUP(LEFT(B7,18)&C7&D7,'Form CT'!I:I,'Form CT'!D:D,0)+_xlfn.XLOOKUP(LEFT(B7,18)&C7&D7,'Form CT'!I:I,'Form CT'!E:E,0),0) -> 0 | AE7: =IF(N7=$AE$1,_xlfn.XLOOKUP(LEFT(B7,18)&C7&D7,'Form CT'!I:I,'Form CT'!D:D,0)+_xlfn.XLOOKUP(LEFT(B7,18)&C7&D7,'Form CT'!I:I,'Form CT'!E:E,0),0) -> 964.72306 | AF7: =IF(N7=$AF$1,_xlfn.XLOOKUP(LEFT(B7,18)&C7&D7,'Form CT'!I:I,'Form CT'!D:D,0)+_xlfn.XLOOKUP(LEFT(B7,18)&C7&D7,'Form CT'!I:I,'Form CT'!E:E,0),0) -> 0 | AG7: =IF(OR( AND(MID(B7,2,2)="59", VALUE(MID(B7,11,2))>24), AND(LEFT(B7,4)="T521", VALUE(MID(B7,11,2))>62), LEFT(B7,4)="T523" ), "符合", "不符合") -> 不符合 | AH7: =_xlfn.XLOOKUP(TRIM(CLEAN(B7))&"-"&TRIM(CLEAN(C7))&"-"&TRIM(CLEAN(D7)),'KS2'!A:A,'KS2'!B:B,0) -> 1 | AI7: =IF(_xlfn.XLOOKUP(MID(B7,2,7)&"/"&MID(B7,10,3)&TRIM(D7)&MID(B7,15,4),Carouselwash!F:F,Carouselwash!I:I,0)=0,_xlfn.XLOOKUP((MID(C7,2,7)&"/"&MID(C7,10,3)&TRIM(D7)),Carouselwash!G:G,Carouselwash!I:I,0),_xlfn.XLOOKUP(MID(B7,2,7)&"/"&MID(B7,10,3)&TRIM(D7)&MID(B7,15,4),Carouselwash!F:F,Carouselwash!I:I,0)) -> 2
A8: 2629JW57 | B8: T521T106M025ATE0607652 | C8: A521T106M025AS | D8: FTW700 | E8: 2026-07-28 | F8: 50760 | G8: 2026-08-09 | H8: 2026-08-29 | I8: T-G | J8: 5 | K8: 0 | L8: QPSO6083A198-002 | M8: 584.4 | N8: P | O8: 0.094 | P8: 0.07 | Q8: 0.019 | R8: 0.0098 | S8: 60 | T8: 47 | U8: 18 | V8: S50123BP6 | W8: 42 | X8: 42804.22 | Y8: 50760 | Z8: Intransit | AA8: ,pull in | AC8: 3882475903 | AD8: =IF(N8=$AD$1,_xlfn.XLOOKUP(LEFT(B8,18)&C8&D8,'Form CT'!I:I,'Form CT'!D:D,0)+_xlfn.XLOOKUP(LEFT(B8,18)&C8&D8,'Form CT'!I:I,'Form CT'!E:E,0),0) -> 734.16662 | AE8: =IF(N8=$AE$1,_xlfn.XLOOKUP(LEFT(B8,18)&C8&D8,'Form CT'!I:I,'Form CT'!D:D,0)+_xlfn.XLOOKUP(LEFT(B8,18)&C8&D8,'Form CT'!I:I,'Form CT'!E:E,0),0) -> 0 | AF8: =IF(N8=$AF$1,_xlfn.XLOOKUP(LEFT(B8,18)&C8&D8,'Form CT'!I:I,'Form CT'!D:D,0)+_xlfn.XLOOKUP(LEFT(B8,18)&C8&D8,'Form CT'!I:I,'Form CT'!E:E,0),0) -> 0 | AG8: =IF(OR( AND(MID(B8,2,2)="59", VALUE(MID(B8,11,2))>24), AND(LEFT(B8,4)="T521", VALUE(MID(B8,11,2))>62), LEFT(B8,4)="T523" ), "符合", "不符合") -> 不符合 | AH8: =_xlfn.XLOOKUP(TRIM(CLEAN(B8))&"-"&TRIM(CLEAN(C8))&"-"&TRIM(CLEAN(D8)),'KS2'!A:A,'KS2'!B:B,0) -> 4 | AI8: =IF(_xlfn.XLOOKUP(MID(B8,2,7)&"/"&MID(B8,10,3)&TRIM(D8)&MID(B8,15,4),Carouselwash!F:F,Carouselwash!I:I,0)=0,_xlfn.XLOOKUP((MID(C8,2,7)&"/"&MID(C8,10,3)&TRIM(D8)),Carouselwash!G:G,Carouselwash!I:I,0),_xlfn.XLOOKUP(MID(B8,2,7)&"/"&MID(B8,10,3)&TRIM(D8)&MID(B8,15,4),Carouselwash!F:F,Carouselwash!I:I,0)) -> 3
A9: 2628LN67 | B9: T598D227M2R5ATE009 | C9: A598D227M004AS | D9: KBP55 | E9: 2026-07-29 | F9: 32703 | G9: 2026-07-26 | H9: 2026-08-25 | I9: T59D 1 | J9: 13 | K9: 8 | L9: NC5B34549191-001 | M9: 3425.4 | N9: NGZ | O9: 0.14 | P9: 0.19 | Q9: 0.036 | R9: 0.0193 | S9: 50 | T9: 37 | U9: 18 | V9: S58112SJ | W9: 32 | X9: 22819.76 | Y9: 33300 | Z9: ANODE-KO | AA9: fixed,pass due,push out | AB9: 3882430210-QTY:11609,pass due | AC9: 3882430209 | AD9: =IF(N9=$AD$1,_xlfn.XLOOKUP(LEFT(B9,18)&C9&D9,'Form CT'!I:I,'Form CT'!D:D,0)+_xlfn.XLOOKUP(LEFT(B9,18)&C9&D9,'Form CT'!I:I,'Form CT'!E:E,0),0) -> 0 | AE9: =IF(N9=$AE$1,_xlfn.XLOOKUP(LEFT(B9,18)&C9&D9,'Form CT'!I:I,'Form CT'!D:D,0)+_xlfn.XLOOKUP(LEFT(B9,18)&C9&D9,'Form CT'!I:I,'Form CT'!E:E,0),0) -> 0 | AF9: =IF(N9=$AF$1,_xlfn.XLOOKUP(LEFT(B9,18)&C9&D9,'Form CT'!I:I,'Form CT'!D:D,0)+_xlfn.XLOOKUP(LEFT(B9,18)&C9&D9,'Form CT'!I:I,'Form CT'!E:E,0),0) -> 380.90338 | AG9: =IF(OR( AND(MID(B9,2,2)="59", VALUE(MID(B9,11,2))>24), AND(LEFT(B9,4)="T521", VALUE(MID(B9,11,2))>62), LEFT(B9,4)="T523" ), "符合", "不符合") -> #VALUE! | AH9: =_xlfn.XLOOKUP(TRIM(CLEAN(B9))&"-"&TRIM(CLEAN(C9))&"-"&TRIM(CLEAN(D9)),'KS2'!A:A,'KS2'!B:B,0) -> 0 | AI9: =IF(_xlfn.XLOOKUP(MID(B9,2,7)&"/"&MID(B9,10,3)&TRIM(D9)&MID(B9,15,4),Carouselwash!F:F,Carouselwash!I:I,0)=0,_xlfn.XLOOKUP((MID(C9,2,7)&"/"&MID(C9,10,3)&TRIM(D9)),Carouselwash!G:G,Carouselwash!I:I,0),_xlfn.XLOOKUP(MID(B9,2,7)&"/"&MID(B9,10,3)&TRIM(D9)&MID(B9,15,4),Carouselwash!F:F,Carouselwash!I:I,0)) -> 3
A10: 2629JR27 | B10: T521X336M050ATE075 | C10: A521V156M050AS | D10: FTP200 | E10: 2026-07-28 | F10: 15976 | G10: 2026-08-10 | H10: 2026-09-05 | I10: T521X | J10: 2 | K10: 0 | L10: WB.D24243195-002 | M10: 2422.7 | N10: Y | O10: 0.122 | P10: 0.18 | Q10: 0.056 | R10: 0.015 | S10: 35 | T10: 26 | U10: 18 | V10: X20113V3EP5 | W10: 32 | X10: 53648.24 | Y10: 16380 | Z10: Intransit | AA10: ,pull in | AB10: 3882483890-QTY:5655 | AC10: 3882483889 | AD10: =IF(N10=$AD$1,_xlfn.XLOOKUP(LEFT(B10,18)&C10&D10,'Form CT'!I:I,'Form CT'!D:D,0)+_xlfn.XLOOKUP(LEFT(B10,18)&C10&D10,'Form CT'!I:I,'Form CT'!E:E,0),0) -> 0 | AE10: =IF(N10=$AE$1,_xlfn.XLOOKUP(LEFT(B10,18)&C10&D10,'Form CT'!I:I,'Form CT'!D:D,0)+_xlfn.XLOOKUP(LEFT(B10,18)&C10&D10,'Form CT'!I:I,'Form CT'!E:E,0),0) -> 853.81156 | AF10: =IF(N10=$AF$1,_xlfn.XLOOKUP(LEFT(B10,18)&C10&D10,'Form CT'!I:I,'Form CT'!D:D,0)+_xlfn.XLOOKUP(LEFT(B10,18)&C10&D10,'Form CT'!I:I,'Form CT'!E:E,0),0) -> 0 | AG10: =IF(OR( AND(MID(B10,2,2)="59", VALUE(MID(B10,11,2))>24), AND(LEFT(B10,4)="T521", VALUE(MID(B10,11,2))>62), LEFT(B10,4)="T523" ), "符合", "不符合") -> 不符合 | AH10: =_xlfn.XLOOKUP(TRIM(CLEAN(B10))&"-"&TRIM(CLEAN(C10))&"-"&TRIM(CLEAN(D10)),'KS2'!A:A,'KS2'!B:B,0) -> 0 | AI10: =IF(_xlfn.XLOOKUP(MID(B10,2,7)&"/"&MID(B10,10,3)&TRIM(D10)&MID(B10,15,4),Carouselwash!F:F,Carouselwash!I:I,0)=0,_xlfn.XLOOKUP((MID(C10,2,7)&"/"&MID(C10,10,3)&TRIM(D10)),Carouselwash!G:G,Carouselwash!I:I,0),_xlfn.XLOOKUP(MID(B10,2,7)&"/"&MID(B10,10,3)&TRIM(D10)&MID(B10,15,4),Carouselwash!F:F,Carouselwash!I:I,0)) -> 2
A11: 2628QC37 | B11: T598D477M2R5ATE006 | C11: A598V247M004AS | D11: TTS80 | E11: 2026-07-28 | F11: 40428 | G11: 2026-08-01 | H11: 2026-09-06 | I11: T59D 2 | J11: 14 | K11: 9 | L11: R8TE28649189-015 | M11: 2821.6 | N11: NGZ | O11: 0.065 | P11: 0.17 | Q11: 0.04 | R11: 0.0193 | S11: 50 | T11: 47 | U11: 18 | V11: S59112SJ4 | W11: 32 | X11: 20932.16 | Y11: 42300 | Z11: ANODE-KO | AA11: ,pull in | AC11: 3882573994 | AD11: =IF(N11=$AD$1,_xlfn.XLOOKUP(LEFT(B11,18)&C11&D11,'Form CT'!I:I,'Form CT'!D:D,0)+_xlfn.XLOOKUP(LEFT(B11,18)&C11&D11,'Form CT'!I:I,'Form CT'!E:E,0),0) -> 0 | AE11: =IF(N11=$AE$1,_xlfn.XLOOKUP(LEFT(B11,18)&C11&D11,'Form CT'!I:I,'Form CT'!D:D,0)+_xlfn.XLOOKUP(LEFT(B11,18)&C11&D11,'Form CT'!I:I,'Form CT'!E:E,0),0) -> 0 | AF11: =IF(N11=$AF$1,_xlfn.XLOOKUP(LEFT(B11,18)&C11&D11,'Form CT'!I:I,'Form CT'!D:D,0)+_xlfn.XLOOKUP(LEFT(B11,18)&C11&D11,'Form CT'!I:I,'Form CT'!E:E,0),0) -> 349.29693 | AG11: =IF(OR( AND(MID(B11,2,2)="59", VALUE(MID(B11,11,2))>24), AND(LEFT(B11,4)="T521", VALUE(MID(B11,11,2))>62), LEFT(B11,4)="T523" ), "符合", "不符合") -> #VALUE! | AH11: =_xlfn.XLOOKUP(TRIM(CLEAN(B11))&"-"&TRIM(CLEAN(C11))&"-"&TRIM(CLEAN(D11)),'KS2'!A:A,'KS2'!B:B,0) -> 0 | AI11: =IF(_xlfn.XLOOKUP(MID(B11,2,7)&"/"&MID(B11,10,3)&TRIM(D11)&MID(B11,15,4),Carouselwash!F:F,Carouselwash!I:I,0)=0,_xlfn.XLOOKUP((MID(C11,2,7)&"/"&MID(C11,10,3)&TRIM(D11)),Carouselwash!G:G,Carouselwash!I:I,0),_xlfn.XLOOKUP(MID(B11,2,7)&"/"&MID(B11,10,3)&TRIM(D11)&MID(B11,15,4),Carouselwash!F:F,Carouselwash!I:I,0)) -> 3
A12: 2627SV67 | B12: T598D687M2R5ATE006 | C12: A598V347M2R5AS | D12: KBP86 | E12: 2026-07-28 | F12: 42300 | G12: 2026-07-31 | H12: 2026-09-08 | I12: T59D 2 | J12: 14 | K12: 9 | L12: R8KZ34849184-001 | M12: 3588.8 | N12: NGZ | O12: 0.065 | P12: 0.17 | Q12: 0.046 | R12: 0.0193 | S12: 50 | T12: 47 | U12: 18 | V12: S59112SJ4 | W12: 32 | X12: 33606.44 | Y12: 42300 | Z12: ANODE-KO | AA12: fixed,TopRunners,pull in | AC12: 3882411404 | AD12: =IF(N12=$AD$1,_xlfn.XLOOKUP(LEFT(B12,18)&C12&D12,'Form CT'!I:I,'Form CT'!D:D,0)+_xlfn.XLOOKUP(LEFT(B12,18)&C12&D12,'Form CT'!I:I,'Form CT'!E:E,0),0) -> 0 | AE12: =IF(N12=$AE$1,_xlfn.XLOOKUP(LEFT(B12,18)&C12&D12,'Form CT'!I:I,'Form CT'!D:D,0)+_xlfn.XLOOKUP(LEFT(B12,18)&C12&D12,'Form CT'!I:I,'Form CT'!E:E,0),0) -> 0 | AF12: =IF(N12=$AF$1,_xlfn.XLOOKUP(LEFT(B12,18)&C12&D12,'Form CT'!I:I,'Form CT'!D:D,0)+_xlfn.XLOOKUP(LEFT(B12,18)&C12&D12,'Form CT'!I:I,'Form CT'!E:E,0),0) -> 551.8743 | AG12: =IF(OR( AND(MID(B12,2,2)="59", VALUE(MID(B12,11,2))>24), AND(LEFT(B12,4)="T521", VALUE(MID(B12,11,2))>62), LEFT(B12,4)="T523" ), "符合", "不符合") -> #VALUE! | AH12: =_xlfn.XLOOKUP(TRIM(CLEAN(B12))&"-"&TRIM(CLEAN(C12))&"-"&TRIM(CLEAN(D12)),'KS2'!A:A,'KS2'!B:B,0) -> 0 | AI12: =IF(_xlfn.XLOOKUP(MID(B12,2,7)&"/"&MID(B12,10,3)&TRIM(D12)&MID(B12,15,4),Carouselwash!F:F,Carouselwash!I:I,0)=0,_xlfn.XLOOKUP((MID(C12,2,7)&"/"&MID(C12,10,3)&TRIM(D12)),Carouselwash!G:G,Carouselwash!I:I,0),_xlfn.XLOOKUP(MID(B12,2,7)&"/"&MID(B12,10,3)&TRIM(D12)&MID(B12,15,4),Carouselwash!F:F,Carouselwash!I:I,0)) -> 3
A13: 2628PW17 | B13: T521D107M025ATE040 | C13: A521D107M025ASMHSP | D13: TTS50 | E13: 2026-07-28 | F13: 28832 | G13: 2026-07-30 | H13: 2026-08-19 | I13: D | J13: 6 | K13: 4 | L13: WIV$55043187-046 | M13: 5729.8 | N13: P | O13: 0.128 | P13: 0.17 | Q13: 0.064 | R13: 0.015 | S13: 50 | T13: 32 | U13: 18 | V13: S24143SXU3P | W13: 32 | X13: 34325.82 | Y13: 28800 | Z13: ANODE-KO | AA13: fixed,TopRunners,pull in | AC13: 3882472840 | AD13: =IF(N13=$AD$1,_xlfn.XLOOKUP(LEFT(B13,18)&C13&D13,'Form CT'!I:I,'Form CT'!D:D,0)+_xlfn.XLOOKUP(LEFT(B13,18)&C13&D13,'Form CT'!I:I,'Form CT'!E:E,0),0) -> 582.15053 | AE13: =IF(N13=$AE$1,_xlfn.XLOOKUP(LEFT(B13,18)&C13&D13,'Form CT'!I:I,'Form CT'!D:D,0)+_xlfn.XLOOKUP(LEFT(B13,18)&C13&D13,'Form CT'!I:I,'Form CT'!E:E,0),0) -> 0 | AF13: =IF(N13=$AF$1,_xlfn.XLOOKUP(LEFT(B13,18)&C13&D13,'Form CT'!I:I,'Form CT'!D:D,0)+_xlfn.XLOOKUP(LEFT(B13,18)&C13&D13,'Form CT'!I:I,'Form CT'!E:E,0),0) -> 0 | AG13: =IF(OR( AND(MID(B13,2,2)="59", VALUE(MID(B13,11,2))>24), AND(LEFT(B13,4)="T521", VALUE(MID(B13,11,2))>62), LEFT(B13,4)="T523" ), "符合", "不符合") -> 不符合 | AH13: =_xlfn.XLOOKUP(TRIM(CLEAN(B13))&"-"&TRIM(CLEAN(C13))&"-"&TRIM(CLEAN(D13)),'KS2'!A:A,'KS2'!B:B,0) -> 0 | AI13: =IF(_xlfn.XLOOKUP(MID(B13,2,7)&"/"&MID(B13,10,3)&TRIM(D13)&MID(B13,15,4),Carouselwash!F:F,Carouselwash!I:I,0)=0,_xlfn.XLOOKUP((MID(C13,2,7)&"/"&MID(C13,10,3)&TRIM(D13)),Carouselwash!G:G,Carouselwash!I:I,0),_xlfn.XLOOKUP(MID(B13,2,7)&"/"&MID(B13,10,3)&TRIM(D13)&MID(B13,15,4),Carouselwash!F:F,Carouselwash!I:I,0)) -> 3
A14: 2625BL67 | B14: T521V107M020ATE055 | C14: A521V107M020ASMH01 | D14: KBP86 | E14: 2026-07-28 | F14: 33284 | G14: 2026-07-25 | H14: 2026-08-19 | I14: T59V | J14: 7 | K14: 4 | L14: XLKZ5344D170-038 | M14: 5605.8 | N14: P | O14: 0.128 | P14: 0.185 | Q14: 0.033 | R14: 0.0118 | S14: 50 | T14: 37 | U14: 18 | V14: S34153SXU2P | W14: 32 | X14: 35070.43 | Y14: 33300 | Z14: ANODE-KO | AA14: fixed,pass due,push out | AB14: 3882477144-QTY:19345,pass due | AC14: 3882477143 | AD14: =IF(N14=$AD$1,_xlfn.XLOOKUP(LEFT(B14,18)&C14&D14,'Form CT'!I:I,'Form CT'!D:D,0)+_xlfn.XLOOKUP(LEFT(B14,18)&C14&D14,'Form CT'!I:I,'Form CT'!E:E,0),0) -> 581.43039 | AE14: =IF(N14=$AE$1,_xlfn.XLOOKUP(LEFT(B14,18)&C14&D14,'Form CT'!I:I,'Form CT'!D:D,0)+_xlfn.XLOOKUP(LEFT(B14,18)&C14&D14,'Form CT'!I:I,'Form CT'!E:E,0),0) -> 0 | AF14: =IF(N14=$AF$1,_xlfn.XLOOKUP(LEFT(B14,18)&C14&D14,'Form CT'!I:I,'Form CT'!D:D,0)+_xlfn.XLOOKUP(LEFT(B14,18)&C14&D14,'Form CT'!I:I,'Form CT'!E:E,0),0) -> 0 | AG14: =IF(OR( AND(MID(B14,2,2)="59", VALUE(MID(B14,11,2))>24), AND(LEFT(B14,4)="T521", VALUE(MID(B14,11,2))>62), LEFT(B14,4)="T523" ), "符合", "不符合") -> 不符合 | AH14: =_xlfn.XLOOKUP(TRIM(CLEAN(B14))&"-"&TRIM(CLEAN(C14))&"-"&TRIM(CLEAN(D14)),'KS2'!A:A,'KS2'!B:B,0) -> 0 | AI14: =IF(_xlfn.XLOOKUP(MID(B14,2,7)&"/"&MID(B14,10,3)&TRIM(D14)&MID(B14,15,4),Carouselwash!F:F,Carouselwash!I:I,0)=0,_xlfn.XLOOKUP((MID(C14,2,7)&"/"&MID(C14,10,3)&TRIM(D14)),Carouselwash!G:G,Carouselwash!I:I,0),_xlfn.XLOOKUP(MID(B14,2,7)&"/"&MID(B14,10,3)&TRIM(D14)&MID(B14,15,4),Carouselwash!F:F,Carouselwash!I:I,0)) -> 3
A15: 2628G767 | B15: T523W476M035APE100 | C15: A523W476M035ASE100 | D15: S706 | E15: 2026-07-28 | F15: 23390 | G15: 2026-08-03 | H15: 2026-09-02 | I15: T523W | J15: 3 | K15: 0 | L15: WCU245343191-009 | M15: 4476.8 | N15: Y | O15: 0.14 | P15: 0.21 | Q15: 0.032 | R15: 0.015 | S15: 50 | T15: 26 | U15: 18 | V15: D30123BP7 | W15: 32 | X15: 68186.45 | Y15: 23400 | Z15: ANODE-KO | AA15: ,pull in | AB15: 3882488094-QTY:17381 | AC15: 3882488093 | AD15: =IF(N15=$AD$1,_xlfn.XLOOKUP(LEFT(B15,18)&C15&D15,'Form CT'!I:I,'Form CT'!D:D,0)+_xlfn.XLOOKUP(LEFT(B15,18)&C15&D15,'Form CT'!I:I,'Form CT'!E:E,0),0) -> 0 | AE15: =IF(N15=$AE$1,_xlfn.XLOOKUP(LEFT(B15,18)&C15&D15,'Form CT'!I:I,'Form CT'!D:D,0)+_xlfn.XLOOKUP(LEFT(B15,18)&C15&D15,'Form CT'!I:I,'Form CT'!E:E,0),0) -> 1148.7496 | AF15: =IF(N15=$AF$1,_xlfn.XLOOKUP(LEFT(B15,18)&C15&D15,'Form CT'!I:I,'Form CT'!D:D,0)+_xlfn.XLOOKUP(LEFT(B15,18)&C15&D15,'Form CT'!I:I,'Form CT'!E:E,0),0) -> 0 | AG15: =IF(OR( AND(MID(B15,2,2)="59", VALUE(MID(B15,11,2))>24), AND(LEFT(B15,4)="T521", VALUE(MID(B15,11,2))>62), LEFT(B15,4)="T523" ), "符合", "不符合") -> 符合 | AH15: =_xlfn.XLOOKUP(TRIM(CLEAN(B15))&"-"&TRIM(CLEAN(C15))&"-"&TRIM(CLEAN(D15)),'KS2'!A:A,'KS2'!B:B,0) -> 5 | AI15: =IF(_xlfn.XLOOKUP(MID(B15,2,7)&"/"&MID(B15,10,3)&TRIM(D15)&MID(B15,15,4),Carouselwash!F:F,Carouselwash!I:I,0)=0,_xlfn.XLOOKUP((MID(C15,2,7)&"/"&MID(C15,10,3)&TRIM(D15)),Carouselwash!G:G,Carouselwash!I:I,0),_xlfn.XLOOKUP(MID(B15,2,7)&"/"&MID(B15,10,3)&TRIM(D15)&MID(B15,15,4),Carouselwash!F:F,Carouselwash!I:I,0)) -> 4
A16: 2627GS67 | B16: T521T336M018APE0557659 | C16: A521T336M018ASTR01 | D16: FTW121KE | E16: 2026-07-28 | F16: 50605 | G16: 2026-07-28 | H16: 2026-08-19 | I16: T-A42 | J16: 10 | K16: 5 | L16: QOGQ1454A184-071 | M16: 1409.2 | N16: P | O16: 0.094 | P16: 0.076 | Q16: 0.0203 | R16: 0.0098 | S16: 60 | T16: 47 | U16: 18 | V16: S55152IXU2P | W16: 42 | X16: 66066.73 | Y16: 50760 | Z16: ANODE-KO | AA16: fixed,pull in | AC16: 3882421911 | AD16: =IF(N16=$AD$1,_xlfn.XLOOKUP(LEFT(B16,18)&C16&D16,'Form CT'!I:I,'Form CT'!D:D,0)+_xlfn.XLOOKUP(LEFT(B16,18)&C16&D16,'Form CT'!I:I,'Form CT'!E:E,0),0) -> 770.01657 | AE16: =IF(N16=$AE$1,_xlfn.XLOOKUP(LEFT(B16,18)&C16&D16,'Form CT'!I:I,'Form CT'!D:D,0)+_xlfn.XLOOKUP(LEFT(B16,18)&C16&D16,'Form CT'!I:I,'Form CT'!E:E,0),0) -> 0 | AF16: =IF(N16=$AF$1,_xlfn.XLOOKUP(LEFT(B16,18)&C16&D16,'Form CT'!I:I,'Form CT'!D:D,0)+_xlfn.XLOOKUP(LEFT(B16,18)&C16&D16,'Form CT'!I:I,'Form CT'!E:E,0),0) -> 0 | AG16: =IF(OR( AND(MID(B16,2,2)="59", VALUE(MID(B16,11,2))>24), AND(LEFT(B16,4)="T521", VALUE(MID(B16,11,2))>62), LEFT(B16,4)="T523" ), "符合", "不符合") -> 不符合 | AH16: =_xlfn.XLOOKUP(TRIM(CLEAN(B16))&"-"&TRIM(CLEAN(C16))&"-"&TRIM(CLEAN(D16)),'KS2'!A:A,'KS2'!B:B,0) -> 0 | AI16: =IF(_xlfn.XLOOKUP(MID(B16,2,7)&"/"&MID(B16,10,3)&TRIM(D16)&MID(B16,15,4),Carouselwash!F:F,Carouselwash!I:I,0)=0,_xlfn.XLOOKUP((MID(C16,2,7)&"/"&MID(C16,10,3)&TRIM(D16)),Carouselwash!G:G,Carouselwash!I:I,0),_xlfn.XLOOKUP(MID(B16,2,7)&"/"&MID(B16,10,3)&TRIM(D16)&MID(B16,15,4),Carouselwash!F:F,Carouselwash!I:I,0)) -> 3
A17: 2624DG67 | B17: T521V107M020ATE055 | C17: A521V107M020ASMH01 | D17: KBP86 | E17: 2026-07-28 | F17: 33300 | G17: 2026-07-25 | H17: 2026-08-19 | I17: T59V | J17: 7 | K17: 4 | L17: XLKZ5344D163-030 | M17: 5458.7 | N17: P | O17: 0.128 | P17: 0.185 | Q17: 0.033 | R17: 0.0118 | S17: 50 | T17: 37 | U17: 18 | V17: S34153SXU2P | W17: 32 | X17: 35070.43 | Y17: 33300 | Z17: ANODE-KO | AA17: fixed,pass due,push out | AB17: 3882477140,3882477141-QTY:13061,pass due | AC17: 3882477139 | AD17: =IF(N17=$AD$1,_xlfn.XLOOKUP(LEFT(B17,18)&C17&D17,'Form CT'!I:I,'Form CT'!D:D,0)+_xlfn.XLOOKUP(LEFT(B17,18)&C17&D17,'Form CT'!I:I,'Form CT'!E:E,0),0) -> 581.43039 | AE17: =IF(N17=$AE$1,_xlfn.XLOOKUP(LEFT(B17,18)&C17&D17,'Form CT'!I:I,'Form CT'!D:D,0)+_xlfn.XLOOKUP(LEFT(B17,18)&C17&D17,'Form CT'!I:I,'Form CT'!E:E,0),0) -> 0 | AF17: =IF(N17=$AF$1,_xlfn.XLOOKUP(LEFT(B17,18)&C17&D17,'Form CT'!I:I,'Form CT'!D:D,0)+_xlfn.XLOOKUP(LEFT(B17,18)&C17&D17,'Form CT'!I:I,'Form CT'!E:E,0),0) -> 0 | AG17: =IF(OR( AND(MID(B17,2,2)="59", VALUE(MID(B17,11,2))>24), AND(LEFT(B17,4)="T521", VALUE(MID(B17,11,2))>62), LEFT(B17,4)="T523" ), "符合", "不符合") -> 不符合 | AH17: =_xlfn.XLOOKUP(TRIM(CLEAN(B17))&"-"&TRIM(CLEAN(C17))&"-"&TRIM(CLEAN(D17)),'KS2'!A:A,'KS2'!B:B,0) -> 0 | AI17: =IF(_xlfn.XLOOKUP(MID(B17,2,7)&"/"&MID(B17,10,3)&TRIM(D17)&MID(B17,15,4),Carouselwash!F:F,Carouselwash!I:I,0)=0,_xlfn.XLOOKUP((MID(C17,2,7)&"/"&MID(C17,10,3)&TRIM(D17)),Carouselwash!G:G,Carouselwash!I:I,0),_xlfn.XLOOKUP(MID(B17,2,7)&"/"&MID(B17,10,3)&TRIM(D17)&MID(B17,15,4),Carouselwash!F:F,Carouselwash!I:I,0)) -> 3
A18: 2626KW47 | B18: T521T336M018APE0557659 | C18: A521T336M018ASTR01 | D18: FTW121KE | E18: 2026-07-28 | F18: 50474 | G18: 2026-07-28 | H18: 2026-08-19 | I18: T-A42 | J18: 10 | K18: 5 | L18: QOGQ1454A176-009 | M18: 1426.7 | N18: P | O18: 0.094 | P18: 0.076 | Q18: 0.0203 | R18: 0.0098 | S18: 60 | T18: 47 | U18: 18 | V18: S55152IXU2P | W18: 42 | X18: 66066.73 | Y18: 50760 | Z18: ANODE-KO | AA18: fixed,pull in | AC18: 3882421911 | AD18: =IF(N18=$AD$1,_xlfn.XLOOKUP(LEFT(B18,18)&C18&D18,'Form CT'!I:I,'Form CT'!D:D,0)+_xlfn.XLOOKUP(LEFT(B18,18)&C18&D18,'Form CT'!I:I,'Form CT'!E:E,0),0) -> 770.01657 | AE18: =IF(N18=$AE$1,_xlfn.XLOOKUP(LEFT(B18,18)&C18&D18,'Form CT'!I:I,'Form CT'!D:D,0)+_xlfn.XLOOKUP(LEFT(B18,18)&C18&D18,'Form CT'!I:I,'Form CT'!E:E,0),0) -> 0 | AF18: =IF(N18=$AF$1,_xlfn.XLOOKUP(LEFT(B18,18)&C18&D18,'Form CT'!I:I,'Form CT'!D:D,0)+_xlfn.XLOOKUP(LEFT(B18,18)&C18&D18,'Form CT'!I:I,'Form CT'!E:E,0),0) -> 0 | AG18: =IF(OR( AND(MID(B18,2,2)="59", VALUE(MID(B18,11,2))>24), AND(LEFT(B18,4)="T521", VALUE(MID(B18,11,2))>62), LEFT(B18,4)="T523" ), "符合", "不符合") -> 不符合 | AH18: =_xlfn.XLOOKUP(TRIM(CLEAN(B18))&"-"&TRIM(CLEAN(C18))&"-"&TRIM(CLEAN(D18)),'KS2'!A:A,'KS2'!B:B,0) -> 0 | AI18: =IF(_xlfn.XLOOKUP(MID(B18,2,7)&"/"&MID(B18,10,3)&TRIM(D18)&MID(B18,15,4),Carouselwash!F:F,Carouselwash!I:I,0)=0,_xlfn.XLOOKUP((MID(C18,2,7)&"/"&MID(C18,10,3)&TRIM(D18)),Carouselwash!G:G,Carouselwash!I:I,0),_xlfn.XLOOKUP(MID(B18,2,7)&"/"&MID(B18,10,3)&TRIM(D18)&MID(B18,15,4),Carouselwash!F:F,Carouselwash!I:I,0)) -> 3
A19: 2628PM17 | B19: T521D107M025ATE040 | C19: A521D107M025ASMHSP | D19: TTS50 | E19: 2026-07-28 | F19: 28812 | G19: 2026-07-30 | H19: 2026-08-19 | I19: D | J19: 6 | K19: 4 | L19: WIV$55043187-036 | M19: 5758.6 | N19: P | O19: 0.128 | P19: 0.17 | Q19: 0.064 | R19: 0.015 | S19: 50 | T19: 32 | U19: 18 | V19: S24143SXU3P | W19: 32 | X19: 34325.82 | Y19: 28800 | Z19: ANODE-KO | AA19: fixed,TopRunners,pull in | AC19: 3882472838 | AD19: =IF(N19=$AD$1,_xlfn.XLOOKUP(LEFT(B19,18)&C19&D19,'Form CT'!I:I,'Form CT'!D:D,0)+_xlfn.XLOOKUP(LEFT(B19,18)&C19&D19,'Form CT'!I:I,'Form CT'!E:E,0),0) -> 582.15053 | AE19: =IF(N19=$AE$1,_xlfn.XLOOKUP(LEFT(B19,18)&C19&D19,'Form CT'!I:I,'Form CT'!D:D,0)+_xlfn.XLOOKUP(LEFT(B19,18)&C19&D19,'Form CT'!I:I,'Form CT'!E:E,0),0) -> 0 | AF19: =IF(N19=$AF$1,_xlfn.XLOOKUP(LEFT(B19,18)&C19&D19,'Form CT'!I:I,'Form CT'!D:D,0)+_xlfn.XLOOKUP(LEFT(B19,18)&C19&D19,'Form CT'!I:I,'Form CT'!E:E,0),0) -> 0 | AG19: =IF(OR( AND(MID(B19,2,2)="59", VALUE(MID(B19,11,2))>24), AND(LEFT(B19,4)="T521", VALUE(MID(B19,11,2))>62), LEFT(B19,4)="T523" ), "符合", "不符合") -> 不符合 | AH19: =_xlfn.XLOOKUP(TRIM(CLEAN(B19))&"-"&TRIM(CLEAN(C19))&"-"&TRIM(CLEAN(D19)),'KS2'!A:A,'KS2'!B:B,0) -> 0 | AI19: =IF(_xlfn.XLOOKUP(MID(B19,2,7)&"/"&MID(B19,10,3)&TRIM(D19)&MID(B19,15,4),Carouselwash!F:F,Carouselwash!I:I,0)=0,_xlfn.XLOOKUP((MID(C19,2,7)&"/"&MID(C19,10,3)&TRIM(D19)),Carouselwash!G:G,Carouselwash!I:I,0),_xlfn.XLOOKUP(MID(B19,2,7)&"/"&MID(B19,10,3)&TRIM(D19)&MID(B19,15,4),Carouselwash!F:F,Carouselwash!I:I,0)) -> 3
A20: 2626SE57 | B20: T521D107M025ATE0407280 | C20: A521D107M025ASALT2 | D20: FTW503 | E20: 2026-07-28 | F20: 28900 | G20: 2026-07-25 | H20: 2026-08-17 | I20: D | J20: 6 | K20: 4 | L20: WIJ+55043177-033 | M20: 5661.2 | N20: P | O20: 0.128 | P20: 0.17 | Q20: 0.064 | R20: 0.015 | S20: 50 | T20: 32 | U20: 18 | V20: S24143SXU3P | W20: 32 | X20: 34184.05 | Y20: 28800 | Z20: ANODE-KO | AA20: fixed,TopRunners,push out | AB20: pass due | AC20: 3882468231 | AD20: =IF(N20=$AD$1,_xlfn.XLOOKUP(LEFT(B20,18)&C20&D20,'Form CT'!I:I,'Form CT'!D:D,0)+_xlfn.XLOOKUP(LEFT(B20,18)&C20&D20,'Form CT'!I:I,'Form CT'!E:E,0),0) -> 582.32677 | AE20: =IF(N20=$AE$1,_xlfn.XLOOKUP(LEFT(B20,18)&C20&D20,'Form CT'!I:I,'Form CT'!D:D,0)+_xlfn.XLOOKUP(LEFT(B20,18)&C20&D20,'Form CT'!I:I,'Form CT'!E:E,0),0) -> 0 | AF20: =IF(N20=$AF$1,_xlfn.XLOOKUP(LEFT(B20,18)&C20&D20,'Form CT'!I:I,'Form CT'!D:D,0)+_xlfn.XLOOKUP(LEFT(B20,18)&C20&D20,'Form CT'!I:I,'Form CT'!E:E,0),0) -> 0 | AG20: =IF(OR( AND(MID(B20,2,2)="59", VALUE(MID(B20,11,2))>24), AND(LEFT(B20,4)="T521", VALUE(MID(B20,11,2))>62), LEFT(B20,4)="T523" ), "符合", "不符合") -> 不符合 | AH20: =_xlfn.XLOOKUP(TRIM(CLEAN(B20))&"-"&TRIM(CLEAN(C20))&"-"&TRIM(CLEAN(D20)),'KS2'!A:A,'KS2'!B:B,0) -> 0 | AI20: =IF(_xlfn.XLOOKUP(MID(B20,2,7)&"/"&MID(B20,10,3)&TRIM(D20)&MID(B20,15,4),Carouselwash!F:F,Carouselwash!I:I,0)=0,_xlfn.XLOOKUP((MID(C20,2,7)&"/"&MID(C20,10,3)&TRIM(D20)),Carouselwash!G:G,Carouselwash!I:I,0),_xlfn.XLOOKUP(MID(B20,2,7)&"/"&MID(B20,10,3)&TRIM(D20)&MID(B20,15,4),Carouselwash!F:F,Carouselwash!I:I,0)) -> 3
A21: 2627WJ27 | B21: T598D687M2R5ATE006 | C21: A598V347M2R5AS | D21: KBP86 | E21: 2026-07-28 | F21: 42300 | G21: 2026-07-31 | H21: 2026-09-08 | I21: T59D 2 | J21: 14 | K21: 9 | L21: R8KZ34849181-005 | M21: 3615.9 | N21: NGZ | O21: 0.065 | P21: 0.17 | Q21: 0.046 | R21: 0.0193 | S21: 50 | T21: 47 | U21: 18 | V21: S59112SJ4 | W21: 32 | X21: 33606.44 | Y21: 42300 | Z21: ANODE-KO | AA21: fixed,TopRunners,pull in | AC21: 3882411404 | AD21: =IF(N21=$AD$1,_xlfn.XLOOKUP(LEFT(B21,18)&C21&D21,'Form CT'!I:I,'Form CT'!D:D,0)+_xlfn.XLOOKUP(LEFT(B21,18)&C21&D21,'Form CT'!I:I,'Form CT'!E:E,0),0) -> 0 | AE21: =IF(N21=$AE$1,_xlfn.XLOOKUP(LEFT(B21,18)&C21&D21,'Form CT'!I:I,'Form CT'!D:D,0)+_xlfn.XLOOKUP(LEFT(B21,18)&C21&D21,'Form CT'!I:I,'Form CT'!E:E,0),0) -> 0 | AF21: =IF(N21=$AF$1,_xlfn.XLOOKUP(LEFT(B21,18)&C21&D21,'Form CT'!I:I,'Form CT'!D:D,0)+_xlfn.XLOOKUP(LEFT(B21,18)&C21&D21,'Form CT'!I:I,'Form CT'!E:E,0),0) -> 551.8743 | AG21: =IF(OR( AND(MID(B21,2,2)="59", VALUE(MID(B21,11,2))>24), AND(LEFT(B21,4)="T521", VALUE(MID(B21,11,2))>62), LEFT(B21,4)="T523" ), "符合", "不符合") -> #VALUE! | AH21: =_xlfn.XLOOKUP(TRIM(CLEAN(B21))&"-"&TRIM(CLEAN(C21))&"-"&TRIM(CLEAN(D21)),'KS2'!A:A,'KS2'!B:B,0) -> 0 | AI21: =IF(_xlfn.XLOOKUP(MID(B21,2,7)&"/"&MID(B21,10,3)&TRIM(D21)&MID(B21,15,4),Carouselwash!F:F,Carouselwash!I:I,0)=0,_xlfn.XLOOKUP((MID(C21,2,7)&"/"&MID(C21,10,3)&TRIM(D21)),Carouselwash!G:G,Carouselwash!I:I,0),_xlfn.XLOOKUP(MID(B21,2,7)&"/"&MID(B21,10,3)&TRIM(D21)&MID(B21,15,4),Carouselwash!F:F,Carouselwash!I:I,0)) -> 3
A22: 2628JF67 | B22: T598D477M2R5ATE006 | C22: A598V247M004AS | D22: TTS80 | E22: 2026-07-28 | F22: 42300 | G22: 2026-08-01 | H22: 2026-09-06 | I22: T59D 2 | J22: 14 | K22: 9 | L22: R8TE28649191-021 | M22: 2672.7 | N22: NGZ | O22: 0.065 | P22: 0.17 | Q22: 0.04 | R22: 0.0193 | S22: 50 | T22: 47 | U22: 18 | V22: S59112SJ4 | W22: 32 | X22: 20932.16 | Y22: 42300 | Z22: ANODE-KO | AA22: ,pull in | AB22: 3882573997-QTY:27396 | AC22: 3882573996 | AD22: =IF(N22=$AD$1,_xlfn.XLOOKUP(LEFT(B22,18)&C22&D22,'Form CT'!I:I,'Form CT'!D:D,0)+_xlfn.XLOOKUP(LEFT(B22,18)&C22&D22,'Form CT'!I:I,'Form CT'!E:E,0),0) -> 0 | AE22: =IF(N22=$AE$1,_xlfn.XLOOKUP(LEFT(B22,18)&C22&D22,'Form CT'!I:I,'Form CT'!D:D,0)+_xlfn.XLOOKUP(LEFT(B22,18)&C22&D22,'Form CT'!I:I,'Form CT'!E:E,0),0) -> 0 | AF22: =IF(N22=$AF$1,_xlfn.XLOOKUP(LEFT(B22,18)&C22&D22,'Form CT'!I:I,'Form CT'!D:D,0)+_xlfn.XLOOKUP(LEFT(B22,18)&C22&D22,'Form CT'!I:I,'Form CT'!E:E,0),0) -> 349.29693 | AG22: =IF(OR( AND(MID(B22,2,2)="59", VALUE(MID(B22,11,2))>24), AND(LEFT(B22,4)="T521", VALUE(MID(B22,11,2))>62), LEFT(B22,4)="T523" ), "符合", "不符合") -> #VALUE! | AH22: =_xlfn.XLOOKUP(TRIM(CLEAN(B22))&"-"&TRIM(CLEAN(C22))&"-"&TRIM(CLEAN(D22)),'KS2'!A:A,'KS2'!B:B,0) -> 0 | AI22: =IF(_xlfn.XLOOKUP(MID(B22,2,7)&"/"&MID(B22,10,3)&TRIM(D22)&MID(B22,15,4),Carouselwash!F:F,Carouselwash!I:I,0)=0,_xlfn.XLOOKUP((MID(C22,2,7)&"/"&MID(C22,10,3)&TRIM(D22)),Carouselwash!G:G,Carouselwash!I:I,0),_xlfn.XLOOKUP(MID(B22,2,7)&"/"&MID(B22,10,3)&TRIM(D22)&MID(B22,15,4),Carouselwash!F:F,Carouselwash!I:I,0)) -> 3
A23: 2627KE47 | B23: T523W476M035APE1007723 | C23: A523W476M035ASE100 | D23: S706 | E23: 2026-07-28 | F23: 23400 | G23: 2026-07-27 | H23: 2026-08-26 | I23: T523W | J23: 3 | K23: 0 | L23: WCU245343183-026 | M23: 4520.3 | N23: Y | O23: 0.14 | P23: 0.21 | Q23: 0.032 | R23: 0.015 | S23: 50 | T23: 26 | U23: 18 | V23: D30123BP7 | W23: 32 | X23: 69156.48 | Y23: 23400 | Z23: ANODE-KO | AA23: fixed,pass due | AB23: 3882487204-QTY:16389,pass due | AC23: 3882487203 | AD23: =IF(N23=$AD$1,_xlfn.XLOOKUP(LEFT(B23,18)&C23&D23,'Form CT'!I:I,'Form CT'!D:D,0)+_xlfn.XLOOKUP(LEFT(B23,18)&C23&D23,'Form CT'!I:I,'Form CT'!E:E,0),0) -> 0 | AE23: =IF(N23=$AE$1,_xlfn.XLOOKUP(LEFT(B23,18)&C23&D23,'Form CT'!I:I,'Form CT'!D:D,0)+_xlfn.XLOOKUP(LEFT(B23,18)&C23&D23,'Form CT'!I:I,'Form CT'!E:E,0),0) -> 1148.7496 | AF23: =IF(N23=$AF$1,_xlfn.XLOOKUP(LEFT(B23,18)&C23&D23,'Form CT'!I:I,'Form CT'!D:D,0)+_xlfn.XLOOKUP(LEFT(B23,18)&C23&D23,'Form CT'!I:I,'Form CT'!E:E,0),0) -> 0 | AG23: =IF(OR( AND(MID(B23,2,2)="59", VALUE(MID(B23,11,2))>24), AND(LEFT(B23,4)="T521", VALUE(MID(B23,11,2))>62), LEFT(B23,4)="T523" ), "符合", "不符合") -> 符合 | AH23: =_xlfn.XLOOKUP(TRIM(CLEAN(B23))&"-"&TRIM(CLEAN(C23))&"-"&TRIM(CLEAN(D23)),'KS2'!A:A,'KS2'!B:B,0) -> 5 | AI23: =IF(_xlfn.XLOOKUP(MID(B23,2,7)&"/"&MID(B23,10,3)&TRIM(D23)&MID(B23,15,4),Carouselwash!F:F,Carouselwash!I:I,0)=0,_xlfn.XLOOKUP((MID(C23,2,7)&"/"&MID(C23,10,3)&TRIM(D23)),Carouselwash!G:G,Carouselwash!I:I,0),_xlfn.XLOOKUP(MID(B23,2,7)&"/"&MID(B23,10,3)&TRIM(D23)&MID(B23,15,4),Carouselwash!F:F,Carouselwash!I:I,0)) -> 4
A24: 2629K227 | B24: T523W476M035APE100 | C24: A523W476M035ASE100 | D24: S706 | E24: 2026-07-28 | F24: 23400 | G24: 2026-08-01 | H24: 2026-08-31 | I24: T523W | J24: 3 | K24: 0 | L24: WCU245343195-003 | M24: 4464.7 | N24: Y | O24: 0.14 | P24: 0.21 | Q24: 0.032 | R24: 0.015 | S24: 50 | T24: 26 | U24: 18 | V24: D30123BP7 | W24: 32 | X24: 68186.45 | Y24: 23400 | Z24: ANODE-KO | AA24: ,pull in | AB24: 3882488091-QTY:3561 | AC24: 3882488090 | AD24: =IF(N24=$AD$1,_xlfn.XLOOKUP(LEFT(B24,18)&C24&D24,'Form CT'!I:I,'Form CT'!D:D,0)+_xlfn.XLOOKUP(LEFT(B24,18)&C24&D24,'Form CT'!I:I,'Form CT'!E:E,0),0) -> 0 | AE24: =IF(N24=$AE$1,_xlfn.XLOOKUP(LEFT(B24,18)&C24&D24,'Form CT'!I:I,'Form CT'!D:D,0)+_xlfn.XLOOKUP(LEFT(B24,18)&C24&D24,'Form CT'!I:I,'Form CT'!E:E,0),0) -> 1148.7496 | AF24: =IF(N24=$AF$1,_xlfn.XLOOKUP(LEFT(B24,18)&C24&D24,'Form CT'!I:I,'Form CT'!D:D,0)+_xlfn.XLOOKUP(LEFT(B24,18)&C24&D24,'Form CT'!I:I,'Form CT'!E:E,0),0) -> 0 | AG24: =IF(OR( AND(MID(B24,2,2)="59", VALUE(MID(B24,11,2))>24), AND(LEFT(B24,4)="T521", VALUE(MID(B24,11,2))>62), LEFT(B24,4)="T523" ), "符合", "不符合") -> 符合 | AH24: =_xlfn.XLOOKUP(TRIM(CLEAN(B24))&"-"&TRIM(CLEAN(C24))&"-"&TRIM(CLEAN(D24)),'KS2'!A:A,'KS2'!B:B,0) -> 5 | AI24: =IF(_xlfn.XLOOKUP(MID(B24,2,7)&"/"&MID(B24,10,3)&TRIM(D24)&MID(B24,15,4),Carouselwash!F:F,Carouselwash!I:I,0)=0,_xlfn.XLOOKUP((MID(C24,2,7)&"/"&MID(C24,10,3)&TRIM(D24)),Carouselwash!G:G,Carouselwash!I:I,0),_xlfn.XLOOKUP(MID(B24,2,7)&"/"&MID(B24,10,3)&TRIM(D24)&MID(B24,15,4),Carouselwash!F:F,Carouselwash!I:I,0)) -> 4
A25: 2629DL27 | B25: T521D106M050ATE0907654 | C25: A521D106M050ASE060 | D25: FTP150 | E25: 2026-07-28 | F25: 16322 | G25: 2026-08-08 | H25: 2026-08-28 | I25: D | J25: 2 | K25: 0 | L25: WB4R16643195-005 | M25: 1697.8 | N25: Y | O25: 0.122 | P25: 0.18 | Q25: 0.056 | R25: 0.015 | S25: 35 | T25: 26 | U25: 18 | V25: X20104BP6 | W25: 32 | X25: 57063.87 | Y25: 16380 | Z25: Intransit | AA25: fixed,TopRunners,pull in | AC25: 3882464173 | AD25: =IF(N25=$AD$1,_xlfn.XLOOKUP(LEFT(B25,18)&C25&D25,'Form CT'!I:I,'Form CT'!D:D,0)+_xlfn.XLOOKUP(LEFT(B25,18)&C25&D25,'Form CT'!I:I,'Form CT'!E:E,0),0) -> 0 | AE25: =IF(N25=$AE$1,_xlfn.XLOOKUP(LEFT(B25,18)&C25&D25,'Form CT'!I:I,'Form CT'!D:D,0)+_xlfn.XLOOKUP(LEFT(B25,18)&C25&D25,'Form CT'!I:I,'Form CT'!E:E,0),0) -> 964.72306 | AF25: =IF(N25=$AF$1,_xlfn.XLOOKUP(LEFT(B25,18)&C25&D25,'Form CT'!I:I,'Form CT'!D:D,0)+_xlfn.XLOOKUP(LEFT(B25,18)&C25&D25,'Form CT'!I:I,'Form CT'!E:E,0),0) -> 0 | AG25: =IF(OR( AND(MID(B25,2,2)="59", VALUE(MID(B25,11,2))>24), AND(LEFT(B25,4)="T521", VALUE(MID(B25,11,2))>62), LEFT(B25,4)="T523" ), "符合", "不符合") -> 不符合 | AH25: =_xlfn.XLOOKUP(TRIM(CLEAN(B25))&"-"&TRIM(CLEAN(C25))&"-"&TRIM(CLEAN(D25)),'KS2'!A:A,'KS2'!B:B,0) -> 1 | AI25: =IF(_xlfn.XLOOKUP(MID(B25,2,7)&"/"&MID(B25,10,3)&TRIM(D25)&MID(B25,15,4),Carouselwash!F:F,Carouselwash!I:I,0)=0,_xlfn.XLOOKUP((MID(C25,2,7)&"/"&MID(C25,10,3)&TRIM(D25)),Carouselwash!G:G,Carouselwash!I:I,0),_xlfn.XLOOKUP(MID(B25,2,7)&"/"&MID(B25,10,3)&TRIM(D25)&MID(B25,15,4),Carouselwash!F:F,Carouselwash!I:I,0)) -> 2
A26: 2628PL37 | B26: T530D337M006ATE006 | C26: A530V117M006ASE006 | D26: KBP76 | E26: 2026-07-28 | F26: 42266 | G26: 2026-07-30 | H26: 2026-08-26 | I26: T530D 3 | J26: 14 | K26: 9 | L26: VK/S21943189-006 | M26: 2158.2 | N26: NGZ | O26: 0.07 | P26: 0.19 | Q26: 0.031 | R26: 0.015 | S26: 50 | T26: 47 | U26: 18 | V26: S59113 | W26: 32 | X26: 22695.61 | Y26: 42300 | Z26: ANODE-KO | AA26: ,pull in | AB26: 3882499346-QTY:17623 | AC26: 3882499345 | AD26: =IF(N26=$AD$1,_xlfn.XLOOKUP(LEFT(B26,18)&C26&D26,'Form CT'!I:I,'Form CT'!D:D,0)+_xlfn.XLOOKUP(LEFT(B26,18)&C26&D26,'Form CT'!I:I,'Form CT'!E:E,0),0) -> 0 | AE26: =IF(N26=$AE$1,_xlfn.XLOOKUP(LEFT(B26,18)&C26&D26,'Form CT'!I:I,'Form CT'!D:D,0)+_xlfn.XLOOKUP(LEFT(B26,18)&C26&D26,'Form CT'!I:I,'Form CT'!E:E,0),0) -> 0 | AF26: =IF(N26=$AF$1,_xlfn.XLOOKUP(LEFT(B26,18)&C26&D26,'Form CT'!I:I,'Form CT'!D:D,0)+_xlfn.XLOOKUP(LEFT(B26,18)&C26&D26,'Form CT'!I:I,'Form CT'!E:E,0),0) -> 360.52159 | AG26: =IF(OR( AND(MID(B26,2,2)="59", VALUE(MID(B26,11,2))>24), AND(LEFT(B26,4)="T521", VALUE(MID(B26,11,2))>62), LEFT(B26,4)="T523" ), "符合", "不符合") -> 不符合 | AH26: =_xlfn.XLOOKUP(TRIM(CLEAN(B26))&"-"&TRIM(CLEAN(C26))&"-"&TRIM(CLEAN(D26)),'KS2'!A:A,'KS2'!B:B,0) -> 0 | AI26: =IF(_xlfn.XLOOKUP(MID(B26,2,7)&"/"&MID(B26,10,3)&TRIM(D26)&MID(B26,15,4),Carouselwash!F:F,Carouselwash!I:I,0)=0,_xlfn.XLOOKUP((MID(C26,2,7)&"/"&MID(C26,10,3)&TRIM(D26)),Carouselwash!G:G,Carouselwash!I:I,0),_xlfn.XLOOKUP(MID(B26,2,7)&"/"&MID(B26,10,3)&TRIM(D26)&MID(B26,15,4),Carouselwash!F:F,Carouselwash!I:I,0)) -> 3
A27: 2625BT67 | B27: T521V107M020ATE055 | C27: A521V107M020ASMH01 | D27: KBP86 | E27: 2026-07-28 | F27: 33150 | G27: 2026-07-25 | H27: 2026-08-19 | I27: T59V | J27: 7 | K27: 4 | L27: XLKZ5344D170-046 | M27: 5530.2 | N27: P | O27: 0.128 | P27: 0.185 | Q27: 0.033 | R27: 0.0118 | S27: 50 | T27: 37 | U27: 18 | V27: S34153SXU2P | W27: 32 | X27: 35070.43 | Y27: 33300 | Z27: ANODE-KO | AA27: fixed,pass due,push out | AB27: 3882477147,3882477148-QTY:5346,pass due | AC27: 3882477146 | AD27: =IF(N27=$AD$1,_xlfn.XLOOKUP(LEFT(B27,18)&C27&D27,'Form CT'!I:I,'Form CT'!D:D,0)+_xlfn.XLOOKUP(LEFT(B27,18)&C27&D27,'Form CT'!I:I,'Form CT'!E:E,0),0) -> 581.43039 | AE27: =IF(N27=$AE$1,_xlfn.XLOOKUP(LEFT(B27,18)&C27&D27,'Form CT'!I:I,'Form CT'!D:D,0)+_xlfn.XLOOKUP(LEFT(B27,18)&C27&D27,'Form CT'!I:I,'Form CT'!E:E,0),0) -> 0 | AF27: =IF(N27=$AF$1,_xlfn.XLOOKUP(LEFT(B27,18)&C27&D27,'Form CT'!I:I,'Form CT'!D:D,0)+_xlfn.XLOOKUP(LEFT(B27,18)&C27&D27,'Form CT'!I:I,'Form CT'!E:E,0),0) -> 0 | AG27: =IF(OR( AND(MID(B27,2,2)="59", VALUE(MID(B27,11,2))>24), AND(LEFT(B27,4)="T521", VALUE(MID(B27,11,2))>62), LEFT(B27,4)="T523" ), "符合", "不符合") -> 不符合 | AH27: =_xlfn.XLOOKUP(TRIM(CLEAN(B27))&"-"&TRIM(CLEAN(C27))&"-"&TRIM(CLEAN(D27)),'KS2'!A:A,'KS2'!B:B,0) -> 0 | AI27: =IF(_xlfn.XLOOKUP(MID(B27,2,7)&"/"&MID(B27,10,3)&TRIM(D27)&MID(B27,15,4),Carouselwash!F:F,Carouselwash!I:I,0)=0,_xlfn.XLOOKUP((MID(C27,2,7)&"/"&MID(C27,10,3)&TRIM(D27)),Carouselwash!G:G,Carouselwash!I:I,0),_xlfn.XLOOKUP(MID(B27,2,7)&"/"&MID(B27,10,3)&TRIM(D27)&MID(B27,15,4),Carouselwash!F:F,Carouselwash!I:I,0)) -> 3
A28: 2628GZ37 | B28: T520Y477M006ATE010 | C28: A520V227M006ASMHSM | D28: KBP86 | E28: 2026-07-28 | F28: 43000 | G28: 2026-07-30 | H28: 2026-08-22 | I28: T530Y | J28: 8 | K28: 5 | L28: SWWN35843189-001 | M28: 3549.6 | N28: NGZ | O28: 0.098 | P28: 0.163 | Q28: 0.033 | R28: 0.015 | S28: 60 | T28: 42 | U28: 18 | V28: S35103SXU2P | W28: 32 | X28: 25484.15 | Y28: 45360 | Z28: ANODE-KO | AA28: ,pull in | AB28: 3882459479-QTY:27827 | AC28: 3882459478 | AD28: =IF(N28=$AD$1,_xlfn.XLOOKUP(LEFT(B28,18)&C28&D28,'Form CT'!I:I,'Form CT'!D:D,0)+_xlfn.XLOOKUP(LEFT(B28,18)&C28&D28,'Form CT'!I:I,'Form CT'!E:E,0),0) -> 0 | AE28: =IF(N28=$AE$1,_xlfn.XLOOKUP(LEFT(B28,18)&C28&D28,'Form CT'!I:I,'Form CT'!D:D,0)+_xlfn.XLOOKUP(LEFT(B28,18)&C28&D28,'Form CT'!I:I,'Form CT'!E:E,0),0) -> 0 | AF28: =IF(N28=$AF$1,_xlfn.XLOOKUP(LEFT(B28,18)&C28&D28,'Form CT'!I:I,'Form CT'!D:D,0)+_xlfn.XLOOKUP(LEFT(B28,18)&C28&D28,'Form CT'!I:I,'Form CT'!E:E,0),0) -> 452.42727 | AG28: =IF(OR( AND(MID(B28,2,2)="59", VALUE(MID(B28,11,2))>24), AND(LEFT(B28,4)="T521", VALUE(MID(B28,11,2))>62), LEFT(B28,4)="T523" ), "符合", "不符合") -> 不符合 | AH28: =_xlfn.XLOOKUP(TRIM(CLEAN(B28))&"-"&TRIM(CLEAN(C28))&"-"&TRIM(CLEAN(D28)),'KS2'!A:A,'KS2'!B:B,0) -> 0 | AI28: =IF(_xlfn.XLOOKUP(MID(B28,2,7)&"/"&MID(B28,10,3)&TRIM(D28)&MID(B28,15,4),Carouselwash!F:F,Carouselwash!I:I,0)=0,_xlfn.XLOOKUP((MID(C28,2,7)&"/"&MID(C28,10,3)&TRIM(D28)),Carouselwash!G:G,Carouselwash!I:I,0),_xlfn.XLOOKUP(MID(B28,2,7)&"/"&MID(B28,10,3)&TRIM(D28)&MID(B28,15,4),Carouselwash!F:F,Carouselwash!I:I,0)) -> 3
A29: 2628OW37 | B29: T523W476M035APE100 | C29: A523W476M035ASE100 | D29: S706 | E29: 2026-07-28 | F29: 23400 | G29: 2026-08-01 | H29: 2026-08-31 | I29: T523W | J29: 3 | K29: 0 | L29: WCU245343189-002 | M29: 4485.2 | N29: Y | O29: 0.14 | P29: 0.21 | Q29: 0.032 | R29: 0.015 | S29: 50 | T29: 26 | U29: 18 | V29: D30123BP7 | W29: 32 | X29: 68186.45 | Y29: 23400 | Z29: ANODE-KO | AA29: ,pull in | AB29: 3882488092-QTY:16595 | AC29: 3882488091 | AD29: =IF(N29=$AD$1,_xlfn.XLOOKUP(LEFT(B29,18)&C29&D29,'Form CT'!I:I,'Form CT'!D:D,0)+_xlfn.XLOOKUP(LEFT(B29,18)&C29&D29,'Form CT'!I:I,'Form CT'!E:E,0),0) -> 0 | AE29: =IF(N29=$AE$1,_xlfn.XLOOKUP(LEFT(B29,18)&C29&D29,'Form CT'!I:I,'Form CT'!D:D,0)+_xlfn.XLOOKUP(LEFT(B29,18)&C29&D29,'Form CT'!I:I,'Form CT'!E:E,0),0) -> 1148.7496 | AF29: =IF(N29=$AF$1,_xlfn.XLOOKUP(LEFT(B29,18)&C29&D29,'Form CT'!I:I,'Form CT'!D:D,0)+_xlfn.XLOOKUP(LEFT(B29,18)&C29&D29,'Form CT'!I:I,'Form CT'!E:E,0),0) -> 0 | AG29: =IF(OR( AND(MID(B29,2,2)="59", VALUE(MID(B29,11,2))>24), AND(LEFT(B29,4)="T521", VALUE(MID(B29,11,2))>62), LEFT(B29,4)="T523" ), "符合", "不符合") -> 符合 | AH29: =_xlfn.XLOOKUP(TRIM(CLEAN(B29))&"-"&TRIM(CLEAN(C29))&"-"&TRIM(CLEAN(D29)),'KS2'!A:A,'KS2'!B:B,0) -> 5 | AI29: =IF(_xlfn.XLOOKUP(MID(B29,2,7)&"/"&MID(B29,10,3)&TRIM(D29)&MID(B29,15,4),Carouselwash!F:F,Carouselwash!I:I,0)=0,_xlfn.XLOOKUP((MID(C29,2,7)&"/"&MID(C29,10,3)&TRIM(D29)),Carouselwash!G:G,Carouselwash!I:I,0),_xlfn.XLOOKUP(MID(B29,2,7)&"/"&MID(B29,10,3)&TRIM(D29)&MID(B29,15,4),Carouselwash!F:F,Carouselwash!I:I,0)) -> 4
A30: 2628BI27 | B30: T520B227M006ATE025 | C30: A520B227M006ASMHSP | D30: STA156KA | E30: 2026-07-28 | F30: 48679 | G30: 2026-08-04 | H30: 2026-08-23 | I30: B | J30: 10 | K30: 5 | L30: QMND2934D188-001 | M30: 2585 | N30: P | O30: 0.089 | P30: 0.064 | Q30: 0.041 | R30: 0.0118 | S30: 60 | T30: 47 | U30: 18 | V30: S55103XNU2P | W30: 42 | X30: 42929.6 | Y30: 50760 | Z30: ANODE-INSP | AA30: ,pull in | AB30: 3882425829-QTY:7385 | AC30: 3882425828 | AD30: =IF(N30=$AD$1,_xlfn.XLOOKUP(LEFT(B30,18)&C30&D30,'Form CT'!I:I,'Form CT'!D:D,0)+_xlfn.XLOOKUP(LEFT(B30,18)&C30&D30,'Form CT'!I:I,'Form CT'!E:E,0),0) -> 734.35044 | AE30: =IF(N30=$AE$1,_xlfn.XLOOKUP(LEFT(B30,18)&C30&D30,'Form CT'!I:I,'Form CT'!D:D,0)+_xlfn.XLOOKUP(LEFT(B30,18)&C30&D30,'Form CT'!I:I,'Form CT'!E:E,0),0) -> 0 | AF30: =IF(N30=$AF$1,_xlfn.XLOOKUP(LEFT(B30,18)&C30&D30,'Form CT'!I:I,'Form CT'!D:D,0)+_xlfn.XLOOKUP(LEFT(B30,18)&C30&D30,'Form CT'!I:I,'Form CT'!E:E,0),0) -> 0 | AG30: =IF(OR( AND(MID(B30,2,2)="59", VALUE(MID(B30,11,2))>24), AND(LEFT(B30,4)="T521", VALUE(MID(B30,11,2))>62), LEFT(B30,4)="T523" ), "符合", "不符合") -> 不符合 | AH30: =_xlfn.XLOOKUP(TRIM(CLEAN(B30))&"-"&TRIM(CLEAN(C30))&"-"&TRIM(CLEAN(D30)),'KS2'!A:A,'KS2'!B:B,0) -> 0 | AI30: =IF(_xlfn.XLOOKUP(MID(B30,2,7)&"/"&MID(B30,10,3)&TRIM(D30)&MID(B30,15,4),Carouselwash!F:F,Carouselwash!I:I,0)=0,_xlfn.XLOOKUP((MID(C30,2,7)&"/"&MID(C30,10,3)&TRIM(D30)),Carouselwash!G:G,Carouselwash!I:I,0),_xlfn.XLOOKUP(MID(B30,2,7)&"/"&MID(B30,10,3)&TRIM(D30)&MID(B30,15,4),Carouselwash!F:F,Carouselwash!I:I,0)) -> 3
A31: 2628VO17 | B31: T523W476M035APE1007723 | C31: A523W476M035ASE100 | D31: S706 | E31: 2026-07-28 | F31: 23384 | G31: 2026-07-27 | H31: 2026-08-26 | I31: T523W | J31: 3 | K31: 0 | L31: WCU245343187-003 | M31: 4560.7 | N31: Y | O31: 0.14 | P31: 0.21 | Q31: 0.032 | R31: 0.015 | S31: 50 | T31: 26 | U31: 18 | V31: D30123BP7 | W31: 32 | X31: 69156.48 | Y31: 23400 | Z31: ANODE-KO | AA31: fixed,pass due | AB31: 3882487202-QTY:15589,pass due | AC31: 3882487201 | AD31: =IF(N31=$AD$1,_xlfn.XLOOKUP(LEFT(B31,18)&C31&D31,'Form CT'!I:I,'Form CT'!D:D,0)+_xlfn.XLOOKUP(LEFT(B31,18)&C31&D31,'Form CT'!I:I,'Form CT'!E:E,0),0) -> 0 | AE31: =IF(N31=$AE$1,_xlfn.XLOOKUP(LEFT(B31,18)&C31&D31,'Form CT'!I:I,'Form CT'!D:D,0)+_xlfn.XLOOKUP(LEFT(B31,18)&C31&D31,'Form CT'!I:I,'Form CT'!E:E,0),0) -> 1148.7496 | AF31: =IF(N31=$AF$1,_xlfn.XLOOKUP(LEFT(B31,18)&C31&D31,'Form CT'!I:I,'Form CT'!D:D,0)+_xlfn.XLOOKUP(LEFT(B31,18)&C31&D31,'Form CT'!I:I,'Form CT'!E:E,0),0) -> 0 | AG31: =IF(OR( AND(MID(B31,2,2)="59", VALUE(MID(B31,11,2))>24), AND(LEFT(B31,4)="T521", VALUE(MID(B31,11,2))>62), LEFT(B31,4)="T523" ), "符合", "不符合") -> 符合 | AH31: =_xlfn.XLOOKUP(TRIM(CLEAN(B31))&"-"&TRIM(CLEAN(C31))&"-"&TRIM(CLEAN(D31)),'KS2'!A:A,'KS2'!B:B,0) -> 5 | AI31: =IF(_xlfn.XLOOKUP(MID(B31,2,7)&"/"&MID(B31,10,3)&TRIM(D31)&MID(B31,15,4),Carouselwash!F:F,Carouselwash!I:I,0)=0,_xlfn.XLOOKUP((MID(C31,2,7)&"/"&MID(C31,10,3)&TRIM(D31)),Carouselwash!G:G,Carouselwash!I:I,0),_xlfn.XLOOKUP(MID(B31,2,7)&"/"&MID(B31,10,3)&TRIM(D31)&MID(B31,15,4),Carouselwash!F:F,Carouselwash!I:I,0)) -> 4
A32: 2627HZ47 | B32: T521T336M018APE0557659 | C32: A521T336M018ASTR01 | D32: FTW121KE | E32: 2026-07-28 | F32: 50760 | G32: 2026-07-28 | H32: 2026-08-19 | I32: T-A42 | J32: 10 | K32: 5 | L32: QOGQ1454A183-024 | M32: 1427.8 | N32: P | O32: 0.094 | P32: 0.076 | Q32: 0.0203 | R32: 0.0098 | S32: 60 | T32: 47 | U32: 18 | V32: S55152IXU2P | W32: 42 | X32: 66066.73 | Y32: 50760 | Z32: ANODE-KO | AA32: fixed,pull in | AC32: 3882421911 | AD32: =IF(N32=$AD$1,_xlfn.XLOOKUP(LEFT(B32,18)&C32&D32,'Form CT'!I:I,'Form CT'!D:D,0)+_xlfn.XLOOKUP(LEFT(B32,18)&C32&D32,'Form CT'!I:I,'Form CT'!E:E,0),0) -> 770.01657 | AE32: =IF(N32=$AE$1,_xlfn.XLOOKUP(LEFT(B32,18)&C32&D32,'Form CT'!I:I,'Form CT'!D:D,0)+_xlfn.XLOOKUP(LEFT(B32,18)&C32&D32,'Form CT'!I:I,'Form CT'!E:E,0),0) -> 0 | AF32: =IF(N32=$AF$1,_xlfn.XLOOKUP(LEFT(B32,18)&C32&D32,'Form CT'!I:I,'Form CT'!D:D,0)+_xlfn.XLOOKUP(LEFT(B32,18)&C32&D32,'Form CT'!I:I,'Form CT'!E:E,0),0) -> 0 | AG32: =IF(OR( AND(MID(B32,2,2)="59", VALUE(MID(B32,11,2))>24), AND(LEFT(B32,4)="T521", VALUE(MID(B32,11,2))>62), LEFT(B32,4)="T523" ), "符合", "不符合") -> 不符合 | AH32: =_xlfn.XLOOKUP(TRIM(CLEAN(B32))&"-"&TRIM(CLEAN(C32))&"-"&TRIM(CLEAN(D32)),'KS2'!A:A,'KS2'!B:B,0) -> 0 | AI32: =IF(_xlfn.XLOOKUP(MID(B32,2,7)&"/"&MID(B32,10,3)&TRIM(D32)&MID(B32,15,4),Carouselwash!F:F,Carouselwash!I:I,0)=0,_xlfn.XLOOKUP((MID(C32,2,7)&"/"&MID(C32,10,3)&TRIM(D32)),Carouselwash!G:G,Carouselwash!I:I,0),_xlfn.XLOOKUP(MID(B32,2,7)&"/"&MID(B32,10,3)&TRIM(D32)&MID(B32,15,4),Carouselwash!F:F,Carouselwash!I:I,0)) -> 3
A33: 2628P347 | B33: T523W476M035APE1007723 | C33: A523W476M035ASE100 | D33: S706 | E33: 2026-07-28 | F33: 23328 | G33: 2026-07-27 | H33: 2026-08-26 | I33: T523W | J33: 3 | K33: 0 | L33: WCU245343190-012 | M33: 4539 | N33: Y | O33: 0.14 | P33: 0.21 | Q33: 0.032 | R33: 0.015 | S33: 50 | T33: 26 | U33: 18 | V33: D30123BP7 | W33: 32 | X33: 69156.48 | Y33: 23400 | Z33: ANODE-KO | AA33: fixed,pass due | AB33: 3882487198-QTY:14032,pass due | AC33: 3882487197 | AD33: =IF(N33=$AD$1,_xlfn.XLOOKUP(LEFT(B33,18)&C33&D33,'Form CT'!I:I,'Form CT'!D:D,0)+_xlfn.XLOOKUP(LEFT(B33,18)&C33&D33,'Form CT'!I:I,'Form CT'!E:E,0),0) -> 0 | AE33: =IF(N33=$AE$1,_xlfn.XLOOKUP(LEFT(B33,18)&C33&D33,'Form CT'!I:I,'Form CT'!D:D,0)+_xlfn.XLOOKUP(LEFT(B33,18)&C33&D33,'Form CT'!I:I,'Form CT'!E:E,0),0) -> 1148.7496 | AF33: =IF(N33=$AF$1,_xlfn.XLOOKUP(LEFT(B33,18)&C33&D33,'Form CT'!I:I,'Form CT'!D:D,0)+_xlfn.XLOOKUP(LEFT(B33,18)&C33&D33,'Form CT'!I:I,'Form CT'!E:E,0),0) -> 0 | AG33: =IF(OR( AND(MID(B33,2,2)="59", VALUE(MID(B33,11,2))>24), AND(LEFT(B33,4)="T521", VALUE(MID(B33,11,2))>62), LEFT(B33,4)="T523" ), "符合", "不符合") -> 符合 | AH33: =_xlfn.XLOOKUP(TRIM(CLEAN(B33))&"-"&TRIM(CLEAN(C33))&"-"&TRIM(CLEAN(D33)),'KS2'!A:A,'KS2'!B:B,0) -> 5 | AI33: =IF(_xlfn.XLOOKUP(MID(B33,2,7)&"/"&MID(B33,10,3)&TRIM(D33)&MID(B33,15,4),Carouselwash!F:F,Carouselwash!I:I,0)=0,_xlfn.XLOOKUP((MID(C33,2,7)&"/"&MID(C33,10,3)&TRIM(D33)),Carouselwash!G:G,Carouselwash!I:I,0),_xlfn.XLOOKUP(MID(B33,2,7)&"/"&MID(B33,10,3)&TRIM(D33)&MID(B33,15,4),Carouselwash!F:F,Carouselwash!I:I,0)) -> 4
A34: 2628I727 | B34: T521D227M016ATE050 | C34: A521D227M016AS | D34: FTW102K | E34: 2026-07-28 | F34: 16380 | G34: 2026-07-30 | H34: 2026-08-22 | I34: D | J34: 8 | K34: 4 | L34: WI6$80143188-006 | M34: 8302.4 | N34: P | O34: 0.128 | P34: 0.17 | Q34: 0.05 | R34: 0.015 | S34: 35 | T34: 26 | U34: 18 | V34: S44143SXDU2P | W34: 32 | X34: 41186.27 | Y34: 16380 | Z34: ANODE-KO | AA34: ,pull in | AB34: 3882466557,3882466558-QTY:15104 | AC34: 3882466556 | AD34: =IF(N34=$AD$1,_xlfn.XLOOKUP(LEFT(B34,18)&C34&D34,'Form CT'!I:I,'Form CT'!D:D,0)+_xlfn.XLOOKUP(LEFT(B34,18)&C34&D34,'Form CT'!I:I,'Form CT'!E:E,0),0) -> 669.49165 | AE34: =IF(N34=$AE$1,_xlfn.XLOOKUP(LEFT(B34,18)&C34&D34,'Form CT'!I:I,'Form CT'!D:D,0)+_xlfn.XLOOKUP(LEFT(B34,18)&C34&D34,'Form CT'!I:I,'Form CT'!E:E,0),0) -> 0 | AF34: =IF(N34=$AF$1,_xlfn.XLOOKUP(LEFT(B34,18)&C34&D34,'Form CT'!I:I,'Form CT'!D:D,0)+_xlfn.XLOOKUP(LEFT(B34,18)&C34&D34,'Form CT'!I:I,'Form CT'!E:E,0),0) -> 0 | AG34: =IF(OR( AND(MID(B34,2,2)="59", VALUE(MID(B34,11,2))>24), AND(LEFT(B34,4)="T521", VALUE(MID(B34,11,2))>62), LEFT(B34,4)="T523" ), "符合", "不符合") -> 不符合 | AH34: =_xlfn.XLOOKUP(TRIM(CLEAN(B34))&"-"&TRIM(CLEAN(C34))&"-"&TRIM(CLEAN(D34)),'KS2'!A:A,'KS2'!B:B,0) -> 0 | AI34: =IF(_xlfn.XLOOKUP(MID(B34,2,7)&"/"&MID(B34,10,3)&TRIM(D34)&MID(B34,15,4),Carouselwash!F:F,Carouselwash!I:I,0)=0,_xlfn.XLOOKUP((MID(C34,2,7)&"/"&MID(C34,10,3)&TRIM(D34)),Carouselwash!G:G,Carouselwash!I:I,0),_xlfn.XLOOKUP(MID(B34,2,7)&"/"&MID(B34,10,3)&TRIM(D34)&MID(B34,15,4),Carouselwash!F:F,Carouselwash!I:I,0)) -> 3
A35: 2628Q317 | B35: T521D107M025ATE040 | C35: A521D107M025ASMHSP | D35: TTS50 | E35: 2026-07-28 | F35: 28900 | G35: 2026-07-30 | H35: 2026-08-19 | I35: D | J35: 6 | K35: 4 | L35: WIV$55043187-052 | M35: 5699.1 | N35: P | O35: 0.128 | P35: 0.17 | Q35: 0.064 | R35: 0.015 | S35: 50 | T35: 32 | U35: 18 | V35: S24143SXU3P | W35: 32 | X35: 34325.82 | Y35: 28800 | Z35: ANODE-KO | AA35: fixed,TopRunners,pull in | AC35: 3882472844 | AD35: =IF(N35=$AD$1,_xlfn.XLOOKUP(LEFT(B35,18)&C35&D35,'Form CT'!I:I,'Form CT'!D:D,0)+_xlfn.XLOOKUP(LEFT(B35,18)&C35&D35,'Form CT'!I:I,'Form CT'!E:E,0),0) -> 582.15053 | AE35: =IF(N35=$AE$1,_xlfn.XLOOKUP(LEFT(B35,18)&C35&D35,'Form CT'!I:I,'Form CT'!D:D,0)+_xlfn.XLOOKUP(LEFT(B35,18)&C35&D35,'Form CT'!I:I,'Form CT'!E:E,0),0) -> 0 | AF35: =IF(N35=$AF$1,_xlfn.XLOOKUP(LEFT(B35,18)&C35&D35,'Form CT'!I:I,'Form CT'!D:D,0)+_xlfn.XLOOKUP(LEFT(B35,18)&C35&D35,'Form CT'!I:I,'Form CT'!E:E,0),0) -> 0 | AG35: =IF(OR( AND(MID(B35,2,2)="59", VALUE(MID(B35,11,2))>24), AND(LEFT(B35,4)="T521", VALUE(MID(B35,11,2))>62), LEFT(B35,4)="T523" ), "符合", "不符合") -> 不符合 | AH35: =_xlfn.XLOOKUP(TRIM(CLEAN(B35))&"-"&TRIM(CLEAN(C35))&"-"&TRIM(CLEAN(D35)),'KS2'!A:A,'KS2'!B:B,0) -> 0 | AI35: =IF(_xlfn.XLOOKUP(MID(B35,2,7)&"/"&MID(B35,10,3)&TRIM(D35)&MID(B35,15,4),Carouselwash!F:F,Carouselwash!I:I,0)=0,_xlfn.XLOOKUP((MID(C35,2,7)&"/"&MID(C35,10,3)&TRIM(D35)),Carouselwash!G:G,Carouselwash!I:I,0),_xlfn.XLOOKUP(MID(B35,2,7)&"/"&MID(B35,10,3)&TRIM(D35)&MID(B35,15,4),Carouselwash!F:F,Carouselwash!I:I,0)) -> 3
A36: 2627HR47 | B36: T521T336M018APE0557659 | C36: A521T336M018ASTR01 | D36: FTW121KE | E36: 2026-07-28 | F36: 50760 | G36: 2026-07-28 | H36: 2026-08-19 | I36: T-A42 | J36: 10 | K36: 5 | L36: QOGQ1454A183-016 | M36: 1397.3 | N36: P | O36: 0.094 | P36: 0.076 | Q36: 0.0203 | R36: 0.0098 | S36: 60 | T36: 47 | U36: 18 | V36: S55152IXU2P | W36: 42 | X36: 66066.73 | Y36: 50760 | Z36: ANODE-KO | AA36: fixed,pull in | AC36: 3882421911 | AD36: =IF(N36=$AD$1,_xlfn.XLOOKUP(LEFT(B36,18)&C36&D36,'Form CT'!I:I,'Form CT'!D:D,0)+_xlfn.XLOOKUP(LEFT(B36,18)&C36&D36,'Form CT'!I:I,'Form CT'!E:E,0),0) -> 770.01657 | AE36: =IF(N36=$AE$1,_xlfn.XLOOKUP(LEFT(B36,18)&C36&D36,'Form CT'!I:I,'Form CT'!D:D,0)+_xlfn.XLOOKUP(LEFT(B36,18)&C36&D36,'Form CT'!I:I,'Form CT'!E:E,0),0) -> 0 | AF36: =IF(N36=$AF$1,_xlfn.XLOOKUP(LEFT(B36,18)&C36&D36,'Form CT'!I:I,'Form CT'!D:D,0)+_xlfn.XLOOKUP(LEFT(B36,18)&C36&D36,'Form CT'!I:I,'Form CT'!E:E,0),0) -> 0 | AG36: =IF(OR( AND(MID(B36,2,2)="59", VALUE(MID(B36,11,2))>24), AND(LEFT(B36,4)="T521", VALUE(MID(B36,11,2))>62), LEFT(B36,4)="T523" ), "符合", "不符合") -> 不符合 | AH36: =_xlfn.XLOOKUP(TRIM(CLEAN(B36))&"-"&TRIM(CLEAN(C36))&"-"&TRIM(CLEAN(D36)),'KS2'!A:A,'KS2'!B:B,0) -> 0 | AI36: =IF(_xlfn.XLOOKUP(MID(B36,2,7)&"/"&MID(B36,10,3)&TRIM(D36)&MID(B36,15,4),Carouselwash!F:F,Carouselwash!I:I,0)=0,_xlfn.XLOOKUP((MID(C36,2,7)&"/"&MID(C36,10,3)&TRIM(D36)),Carouselwash!G:G,Carouselwash!I:I,0),_xlfn.XLOOKUP(MID(B36,2,7)&"/"&MID(B36,10,3)&TRIM(D36)&MID(B36,15,4),Carouselwash!F:F,Carouselwash!I:I,0)) -> 3
A37: 2628PO37 | B37: T530X158M2R5ATE005 | C37: A530V477M2R5ASE005 | D37: KBP76 | E37: 2026-07-28 | F37: 33300 | G37: 2026-07-27 | H37: 2026-08-22 | I37: T530X | J37: 14 | K37: 9 | L37: XLR.44549189-002 | M37: 4485.5 | N37: P | O37: 0.128 | P37: 0.185 | Q37: 0.032 | R37: 0.0193 | S37: 50 | T37: 37 | U37: 18 | V37: S59113SJ | W37: 32 | X37: 20664.46 | Y37: 33300 | Z37: ANODE-KO | AA37: fixed,TopRunners | AB37: pass due | AC37: 3882502042 | AD37: =IF(N37=$AD$1,_xlfn.XLOOKUP(LEFT(B37,18)&C37&D37,'Form CT'!I:I,'Form CT'!D:D,0)+_xlfn.XLOOKUP(LEFT(B37,18)&C37&D37,'Form CT'!I:I,'Form CT'!E:E,0),0) -> 334.29227 | AE37: =IF(N37=$AE$1,_xlfn.XLOOKUP(LEFT(B37,18)&C37&D37,'Form CT'!I:I,'Form CT'!D:D,0)+_xlfn.XLOOKUP(LEFT(B37,18)&C37&D37,'Form CT'!I:I,'Form CT'!E:E,0),0) -> 0 | AF37: =IF(N37=$AF$1,_xlfn.XLOOKUP(LEFT(B37,18)&C37&D37,'Form CT'!I:I,'Form CT'!D:D,0)+_xlfn.XLOOKUP(LEFT(B37,18)&C37&D37,'Form CT'!I:I,'Form CT'!E:E,0),0) -> 0 | AG37: =IF(OR( AND(MID(B37,2,2)="59", VALUE(MID(B37,11,2))>24), AND(LEFT(B37,4)="T521", VALUE(MID(B37,11,2))>62), LEFT(B37,4)="T523" ), "符合", "不符合") -> #VALUE! | AH37: =_xlfn.XLOOKUP(TRIM(CLEAN(B37))&"-"&TRIM(CLEAN(C37))&"-"&TRIM(CLEAN(D37)),'KS2'!A:A,'KS2'!B:B,0) -> 0 | AI37: =IF(_xlfn.XLOOKUP(MID(B37,2,7)&"/"&MID(B37,10,3)&TRIM(D37)&MID(B37,15,4),Carouselwash!F:F,Carouselwash!I:I,0)=0,_xlfn.XLOOKUP((MID(C37,2,7)&"/"&MID(C37,10,3)&TRIM(D37)),Carouselwash!G:G,Carouselwash!I:I,0),_xlfn.XLOOKUP(MID(B37,2,7)&"/"&MID(B37,10,3)&TRIM(D37)&MID(B37,15,4),Carouselwash!F:F,Carouselwash!I:I,0)) -> 3
A38: 2628EU57 | B38: T521D227M016ATE050 | C38: A521D227M016AS | D38: FTW102K | E38: 2026-07-28 | F38: 16369 | G38: 2026-07-30 | H38: 2026-08-22 | I38: D | J38: 8 | K38: 4 | L38: WI6$80143191-002 | M38: 8117.6 | N38: P | O38: 0.128 | P38: 0.17 | Q38: 0.05 | R38: 0.015 | S38: 35 | T38: 26 | U38: 18 | V38: S44143SXDU2P | W38: 32 | X38: 41186.27 | Y38: 16380 | Z38: ANODE-KO | AA38: ,pull in | AB38: 3882466551-QTY:15976 | AC38: 3882466550 | AD38: =IF(N38=$AD$1,_xlfn.XLOOKUP(LEFT(B38,18)&C38&D38,'Form CT'!I:I,'Form CT'!D:D,0)+_xlfn.XLOOKUP(LEFT(B38,18)&C38&D38,'Form CT'!I:I,'Form CT'!E:E,0),0) -> 669.49165 | AE38: =IF(N38=$AE$1,_xlfn.XLOOKUP(LEFT(B38,18)&C38&D38,'Form CT'!I:I,'Form CT'!D:D,0)+_xlfn.XLOOKUP(LEFT(B38,18)&C38&D38,'Form CT'!I:I,'Form CT'!E:E,0),0) -> 0 | AF38: =IF(N38=$AF$1,_xlfn.XLOOKUP(LEFT(B38,18)&C38&D38,'Form CT'!I:I,'Form CT'!D:D,0)+_xlfn.XLOOKUP(LEFT(B38,18)&C38&D38,'Form CT'!I:I,'Form CT'!E:E,0),0) -> 0 | AG38: =IF(OR( AND(MID(B38,2,2)="59", VALUE(MID(B38,11,2))>24), AND(LEFT(B38,4)="T521", VALUE(MID(B38,11,2))>62), LEFT(B38,4)="T523" ), "符合", "不符合") -> 不符合 | AH38: =_xlfn.XLOOKUP(TRIM(CLEAN(B38))&"-"&TRIM(CLEAN(C38))&"-"&TRIM(CLEAN(D38)),'KS2'!A:A,'KS2'!B:B,0) -> 0 | AI38: =IF(_xlfn.XLOOKUP(MID(B38,2,7)&"/"&MID(B38,10,3)&TRIM(D38)&MID(B38,15,4),Carouselwash!F:F,Carouselwash!I:I,0)=0,_xlfn.XLOOKUP((MID(C38,2,7)&"/"&MID(C38,10,3)&TRIM(D38)),Carouselwash!G:G,Carouselwash!I:I,0),_xlfn.XLOOKUP(MID(B38,2,7)&"/"&MID(B38,10,3)&TRIM(D38)&MID(B38,15,4),Carouselwash!F:F,Carouselwash!I:I,0)) -> 3
A39: 2627DV57 | B39: T521T336M018APE0557659 | C39: A521T336M018ASTR01 | D39: FTW121KE | E39: 2026-07-28 | F39: 50760 | G39: 2026-07-28 | H39: 2026-08-19 | I39: T-A42 | J39: 10 | K39: 5 | L39: QOGQ1454A184-013 | M39: 1434.9 | N39: P | O39: 0.094 | P39: 0.076 | Q39: 0.0203 | R39: 0.0098 | S39: 60 | T39: 47 | U39: 18 | V39: S55152IXU2P | W39: 42 | X39: 66066.73 | Y39: 50760 | Z39: ANODE-KO | AA39: fixed,pull in | AC39: 3882421911 | AD39: =IF(N39=$AD$1,_xlfn.XLOOKUP(LEFT(B39,18)&C39&D39,'Form CT'!I:I,'Form CT'!D:D,0)+_xlfn.XLOOKUP(LEFT(B39,18)&C39&D39,'Form CT'!I:I,'Form CT'!E:E,0),0) -> 770.01657 | AE39: =IF(N39=$AE$1,_xlfn.XLOOKUP(LEFT(B39,18)&C39&D39,'Form CT'!I:I,'Form CT'!D:D,0)+_xlfn.XLOOKUP(LEFT(B39,18)&C39&D39,'Form CT'!I:I,'Form CT'!E:E,0),0) -> 0 | AF39: =IF(N39=$AF$1,_xlfn.XLOOKUP(LEFT(B39,18)&C39&D39,'Form CT'!I:I,'Form CT'!D:D,0)+_xlfn.XLOOKUP(LEFT(B39,18)&C39&D39,'Form CT'!I:I,'Form CT'!E:E,0),0) -> 0 | AG39: =IF(OR( AND(MID(B39,2,2)="59", VALUE(MID(B39,11,2))>24), AND(LEFT(B39,4)="T521", VALUE(MID(B39,11,2))>62), LEFT(B39,4)="T523" ), "符合", "不符合") -> 不符合 | AH39: =_xlfn.XLOOKUP(TRIM(CLEAN(B39))&"-"&TRIM(CLEAN(C39))&"-"&TRIM(CLEAN(D39)),'KS2'!A:A,'KS2'!B:B,0) -> 0 | AI39: =IF(_xlfn.XLOOKUP(MID(B39,2,7)&"/"&MID(B39,10,3)&TRIM(D39)&MID(B39,15,4),Carouselwash!F:F,Carouselwash!I:I,0)=0,_xlfn.XLOOKUP((MID(C39,2,7)&"/"&MID(C39,10,3)&TRIM(D39)),Carouselwash!G:G,Carouselwash!I:I,0),_xlfn.XLOOKUP(MID(B39,2,7)&"/"&MID(B39,10,3)&TRIM(D39)&MID(B39,15,4),Carouselwash!F:F,Carouselwash!I:I,0)) -> 3
A40: 2628PG17 | B40: T521D107M025ATE040 | C40: A521D107M025ASMHSP | D40: TTS50 | E40: 2026-07-28 | F40: 28558 | G40: 2026-07-30 | H40: 2026-08-19 | I40: D | J40: 6 | K40: 4 | L40: WIV$55043187-030 | M40: 5773.1 | N40: P | O40: 0.128 | P40: 0.17 | Q40: 0.064 | R40: 0.015 | S40: 50 | T40: 32 | U40: 18 | V40: S24143SXU3P | W40: 32 | X40: 34325.82 | Y40: 28800 | Z40: ANODE-KO | AA40: fixed,TopRunners,pull in | AC40: 3882472841 | AD40: =IF(N40=$AD$1,_xlfn.XLOOKUP(LEFT(B40,18)&C40&D40,'Form CT'!I:I,'Form CT'!D:D,0)+_xlfn.XLOOKUP(LEFT(B40,18)&C40&D40,'Form CT'!I:I,'Form CT'!E:E,0),0) -> 582.15053 | AE40: =IF(N40=$AE$1,_xlfn.XLOOKUP(LEFT(B40,18)&C40&D40,'Form CT'!I:I,'Form CT'!D:D,0)+_xlfn.XLOOKUP(LEFT(B40,18)&C40&D40,'Form CT'!I:I,'Form CT'!E:E,0),0) -> 0 | AF40: =IF(N40=$AF$1,_xlfn.XLOOKUP(LEFT(B40,18)&C40&D40,'Form CT'!I:I,'Form CT'!D:D,0)+_xlfn.XLOOKUP(LEFT(B40,18)&C40&D40,'Form CT'!I:I,'Form CT'!E:E,0),0) -> 0 | AG40: =IF(OR( AND(MID(B40,2,2)="59", VALUE(MID(B40,11,2))>24), AND(LEFT(B40,4)="T521", VALUE(MID(B40,11,2))>62), LEFT(B40,4)="T523" ), "符合", "不符合") -> 不符合 | AH40: =_xlfn.XLOOKUP(TRIM(CLEAN(B40))&"-"&TRIM(CLEAN(C40))&"-"&TRIM(CLEAN(D40)),'KS2'!A:A,'KS2'!B:B,0) -> 0 | AI40: =IF(_xlfn.XLOOKUP(MID(B40,2,7)&"/"&MID(B40,10,3)&TRIM(D40)&MID(B40,15,4),Carouselwash!F:F,Carouselwash!I:I,0)=0,_xlfn.XLOOKUP((MID(C40,2,7)&"/"&MID(C40,10,3)&TRIM(D40)),Carouselwash!G:G,Carouselwash!I:I,0),_xlfn.XLOOKUP(MID(B40,2,7)&"/"&MID(B40,10,3)&TRIM(D40)&MID(B40,15,4),Carouselwash!F:F,Carouselwash!I:I,0)) -> 3
A41: 2621P347 | B41: T521V336M025ATE060 | C41: A521V336M025ASMHSP | D41: KBP52 | E41: 2026-07-28 | F41: 45400 | G41: 2026-08-23 | H41: 2026-09-11 | I41: 2.0V | J41: 6 | K41: 4 | L41: WG3L21343141-004 | M41: 1999.2 | N41: P | O41: 0.098 | P41: 0.163 | Q41: 0.033 | R41: 0.015 | S41: 60 | T41: 42 | U41: 18 | V41: S24143SXU3P | W41: 32 | X41: 34822.22 | Y41: 45360 | Z41: ANODE-KO | AA41: ,pull in | AB41: 3882481076,3882481077-QTY:6351 | AC41: 3882481075 | AD41: =IF(N41=$AD$1,_xlfn.XLOOKUP(LEFT(B41,18)&C41&D41,'Form CT'!I:I,'Form CT'!D:D,0)+_xlfn.XLOOKUP(LEFT(B41,18)&C41&D41,'Form CT'!I:I,'Form CT'!E:E,0),0) -> 594.0512 | AE41: =IF(N41=$AE$1,_xlfn.XLOOKUP(LEFT(B41,18)&C41&D41,'Form CT'!I:I,'Form CT'!D:D,0)+_xlfn.XLOOKUP(LEFT(B41,18)&C41&D41,'Form CT'!I:I,'Form CT'!E:E,0),0) -> 0 | AF41: =IF(N41=$AF$1,_xlfn.XLOOKUP(LEFT(B41,18)&C41&D41,'Form CT'!I:I,'Form CT'!D:D,0)+_xlfn.XLOOKUP(LEFT(B41,18)&C41&D41,'Form CT'!I:I,'Form CT'!E:E,0),0) -> 0 | AG41: =IF(OR( AND(MID(B41,2,2)="59", VALUE(MID(B41,11,2))>24), AND(LEFT(B41,4)="T521", VALUE(MID(B41,11,2))>62), LEFT(B41,4)="T523" ), "符合", "不符合") -> 不符合 | AH41: =_xlfn.XLOOKUP(TRIM(CLEAN(B41))&"-"&TRIM(CLEAN(C41))&"-"&TRIM(CLEAN(D41)),'KS2'!A:A,'KS2'!B:B,0) -> 0 | AI41: =IF(_xlfn.XLOOKUP(MID(B41,2,7)&"/"&MID(B41,10,3)&TRIM(D41)&MID(B41,15,4),Carouselwash!F:F,Carouselwash!I:I,0)=0,_xlfn.XLOOKUP((MID(C41,2,7)&"/"&MID(C41,10,3)&TRIM(D41)),Carouselwash!G:G,Carouselwash!I:I,0),_xlfn.XLOOKUP(MID(B41,2,7)&"/"&MID(B41,10,3)&TRIM(D41)&MID(B41,15,4),Carouselwash!F:F,Carouselwash!I:I,0)) -> 3
A42: 2629QH17 | B42: T521X226M050ATE075 | C42: A521V116M050AS | D42: FTP200 | E42: 2026-07-28 | F42: 16310 | G42: 2026-08-06 | H42: 2026-09-01 | I42: T521X | J42: 2 | K42: 0 | L42: TZ.D20643194-002 | M42: 2010.3 | N42: Y | O42: 0.122 | P42: 0.18 | Q42: 0.047 | R42: 0.015 | S42: 35 | T42: 26 | U42: 18 | V42: X20113V3EP5 | W42: 32 | X42: 55689.84 | Y42: 16380 | Z42: Intransit | AA42: ,pull in | AB42: 3882481921-QTY:770 | AC42: 3882481920 | AD42: =IF(N42=$AD$1,_xlfn.XLOOKUP(LEFT(B42,18)&C42&D42,'Form CT'!I:I,'Form CT'!D:D,0)+_xlfn.XLOOKUP(LEFT(B42,18)&C42&D42,'Form CT'!I:I,'Form CT'!E:E,0),0) -> 0 | AE42: =IF(N42=$AE$1,_xlfn.XLOOKUP(LEFT(B42,18)&C42&D42,'Form CT'!I:I,'Form CT'!D:D,0)+_xlfn.XLOOKUP(LEFT(B42,18)&C42&D42,'Form CT'!I:I,'Form CT'!E:E,0),0) -> 935.33899 | AF42: =IF(N42=$AF$1,_xlfn.XLOOKUP(LEFT(B42,18)&C42&D42,'Form CT'!I:I,'Form CT'!D:D,0)+_xlfn.XLOOKUP(LEFT(B42,18)&C42&D42,'Form CT'!I:I,'Form CT'!E:E,0),0) -> 0 | AG42: =IF(OR( AND(MID(B42,2,2)="59", VALUE(MID(B42,11,2))>24), AND(LEFT(B42,4)="T521", VALUE(MID(B42,11,2))>62), LEFT(B42,4)="T523" ), "符合", "不符合") -> 不符合 | AH42: =_xlfn.XLOOKUP(TRIM(CLEAN(B42))&"-"&TRIM(CLEAN(C42))&"-"&TRIM(CLEAN(D42)),'KS2'!A:A,'KS2'!B:B,0) -> 0 | AI42: =IF(_xlfn.XLOOKUP(MID(B42,2,7)&"/"&MID(B42,10,3)&TRIM(D42)&MID(B42,15,4),Carouselwash!F:F,Carouselwash!I:I,0)=0,_xlfn.XLOOKUP((MID(C42,2,7)&"/"&MID(C42,10,3)&TRIM(D42)),Carouselwash!G:G,Carouselwash!I:I,0),_xlfn.XLOOKUP(MID(B42,2,7)&"/"&MID(B42,10,3)&TRIM(D42)&MID(B42,15,4),Carouselwash!F:F,Carouselwash!I:I,0)) -> 2
A43: 2624DN67 | B43: T521V107M020ATE055 | C43: A521V107M020ASMH01 | D43: KBP86 | E43: 2026-07-28 | F43: 33300 | G43: 2026-07-25 | H43: 2026-08-19 | I43: T59V | J43: 7 | K43: 4 | L43: XLKZ5344D163-037 | M43: 5499.2 | N43: P | O43: 0.128 | P43: 0.185 | Q43: 0.033 | R43: 0.0118 | S43: 50 | T43: 37 | U43: 18 | V43: S34153SXU2P | W43: 32 | X43: 35070.43 | Y43: 33300 | Z43: ANODE-KO | AA43: fixed,pass due,push out | AB43: 3882477152,3882477153-QTY:4746,pass due | AC43: 3882477151 | AD43: =IF(N43=$AD$1,_xlfn.XLOOKUP(LEFT(B43,18)&C43&D43,'Form CT'!I:I,'Form CT'!D:D,0)+_xlfn.XLOOKUP(LEFT(B43,18)&C43&D43,'Form CT'!I:I,'Form CT'!E:E,0),0) -> 581.43039 | AE43: =IF(N43=$AE$1,_xlfn.XLOOKUP(LEFT(B43,18)&C43&D43,'Form CT'!I:I,'Form CT'!D:D,0)+_xlfn.XLOOKUP(LEFT(B43,18)&C43&D43,'Form CT'!I:I,'Form CT'!E:E,0),0) -> 0 | AF43: =IF(N43=$AF$1,_xlfn.XLOOKUP(LEFT(B43,18)&C43&D43,'Form CT'!I:I,'Form CT'!D:D,0)+_xlfn.XLOOKUP(LEFT(B43,18)&C43&D43,'Form CT'!I:I,'Form CT'!E:E,0),0) -> 0 | AG43: =IF(OR( AND(MID(B43,2,2)="59", VALUE(MID(B43,11,2))>24), AND(LEFT(B43,4)="T521", VALUE(MID(B43,11,2))>62), LEFT(B43,4)="T523" ), "符合", "不符合") -> 不符合 | AH43: =_xlfn.XLOOKUP(TRIM(CLEAN(B43))&"-"&TRIM(CLEAN(C43))&"-"&TRIM(CLEAN(D43)),'KS2'!A:A,'KS2'!B:B,0) -> 0 | AI43: =IF(_xlfn.XLOOKUP(MID(B43,2,7)&"/"&MID(B43,10,3)&TRIM(D43)&MID(B43,15,4),Carouselwash!F:F,Carouselwash!I:I,0)=0,_xlfn.XLOOKUP((MID(C43,2,7)&"/"&MID(C43,10,3)&TRIM(D43)),Carouselwash!G:G,Carouselwash!I:I,0),_xlfn.XLOOKUP(MID(B43,2,7)&"/"&MID(B43,10,3)&TRIM(D43)&MID(B43,15,4),Carouselwash!F:F,Carouselwash!I:I,0)) -> 3
A44: 2627OY37 | B44: T521T336M018APE0557659 | C44: A521T336M018ASTR01 | D44: FTW121KE | E44: 2026-07-28 | F44: 50706 | G44: 2026-07-28 | H44: 2026-08-19 | I44: T-A42 | J44: 10 | K44: 5 | L44: QOGQ1454A182-011 | M44: 1430 | N44: P | O44: 0.094 | P44: 0.076 | Q44: 0.0203 | R44: 0.0098 | S44: 60 | T44: 47 | U44: 18 | V44: S55152IXU2P | W44: 42 | X44: 66066.73 | Y44: 50760 | Z44: ANODE-KO | AA44: fixed,pull in | AC44: 3882421911 | AD44: =IF(N44=$AD$1,_xlfn.XLOOKUP(LEFT(B44,18)&C44&D44,'Form CT'!I:I,'Form CT'!D:D,0)+_xlfn.XLOOKUP(LEFT(B44,18)&C44&D44,'Form CT'!I:I,'Form CT'!E:E,0),0) -> 770.01657 | AE44: =IF(N44=$AE$1,_xlfn.XLOOKUP(LEFT(B44,18)&C44&D44,'Form CT'!I:I,'Form CT'!D:D,0)+_xlfn.XLOOKUP(LEFT(B44,18)&C44&D44,'Form CT'!I:I,'Form CT'!E:E,0),0) -> 0 | AF44: =IF(N44=$AF$1,_xlfn.XLOOKUP(LEFT(B44,18)&C44&D44,'Form CT'!I:I,'Form CT'!D:D,0)+_xlfn.XLOOKUP(LEFT(B44,18)&C44&D44,'Form CT'!I:I,'Form CT'!E:E,0),0) -> 0 | AG44: =IF(OR( AND(MID(B44,2,2)="59", VALUE(MID(B44,11,2))>24), AND(LEFT(B44,4)="T521", VALUE(MID(B44,11,2))>62), LEFT(B44,4)="T523" ), "符合", "不符合") -> 不符合 | AH44: =_xlfn.XLOOKUP(TRIM(CLEAN(B44))&"-"&TRIM(CLEAN(C44))&"-"&TRIM(CLEAN(D44)),'KS2'!A:A,'KS2'!B:B,0) -> 0 | AI44: =IF(_xlfn.XLOOKUP(MID(B44,2,7)&"/"&MID(B44,10,3)&TRIM(D44)&MID(B44,15,4),Carouselwash!F:F,Carouselwash!I:I,0)=0,_xlfn.XLOOKUP((MID(C44,2,7)&"/"&MID(C44,10,3)&TRIM(D44)),Carouselwash!G:G,Carouselwash!I:I,0),_xlfn.XLOOKUP(MID(B44,2,7)&"/"&MID(B44,10,3)&TRIM(D44)&MID(B44,15,4),Carouselwash!F:F,Carouselwash!I:I,0)) -> 3
A45: 2628GS67 | B45: T523W476M035APE1007723 | C45: A523W476M035ASE100 | D45: S706 | E45: 2026-07-28 | F45: 23400 | G45: 2026-07-27 | H45: 2026-08-26 | I45: T523W | J45: 3 | K45: 0 | L45: WCU245343191-030 | M45: 4475.5 | N45: Y | O45: 0.14 | P45: 0.21 | Q45: 0.032 | R45: 0.015 | S45: 50 | T45: 26 | U45: 18 | V45: D30123BP7 | W45: 32 | X45: 69156.48 | Y45: 23400 | Z45: ANODE-KO | AA45: fixed,pass due | AB45: 3882487205_x000D_ ,PN1:T523W476M035APE1007723-StartDate:2026-07-27-QTY:6611_x000D_ ,PN:T523W476M035APE100-StartDate:2026-08-01-QTY:3161-OrderNo:3882488090,pass due | AC45: 3882487204 | AD45: =IF(N45=$AD$1,_xlfn.XLOOKUP(LEFT(B45,18)&C45&D45,'Form CT'!I:I,'Form CT'!D:D,0)+_xlfn.XLOOKUP(LEFT(B45,18)&C45&D45,'Form CT'!I:I,'Form CT'!E:E,0),0) -> 0 | AE45: =IF(N45=$AE$1,_xlfn.XLOOKUP(LEFT(B45,18)&C45&D45,'Form CT'!I:I,'Form CT'!D:D,0)+_xlfn.XLOOKUP(LEFT(B45,18)&C45&D45,'Form CT'!I:I,'Form CT'!E:E,0),0) -> 1148.7496 | AF45: =IF(N45=$AF$1,_xlfn.XLOOKUP(LEFT(B45,18)&C45&D45,'Form CT'!I:I,'Form CT'!D:D,0)+_xlfn.XLOOKUP(LEFT(B45,18)&C45&D45,'Form CT'!I:I,'Form CT'!E:E,0),0) -> 0 | AG45: =IF(OR( AND(MID(B45,2,2)="59", VALUE(MID(B45,11,2))>24), AND(LEFT(B45,4)="T521", VALUE(MID(B45,11,2))>62), LEFT(B45,4)="T523" ), "符合", "不符合") -> 符合 | AH45: =_xlfn.XLOOKUP(TRIM(CLEAN(B45))&"-"&TRIM(CLEAN(C45))&"-"&TRIM(CLEAN(D45)),'KS2'!A:A,'KS2'!B:B,0) -> 5 | AI45: =IF(_xlfn.XLOOKUP(MID(B45,2,7)&"/"&MID(B45,10,3)&TRIM(D45)&MID(B45,15,4),Carouselwash!F:F,Carouselwash!I:I,0)=0,_xlfn.XLOOKUP((MID(C45,2,7)&"/"&MID(C45,10,3)&TRIM(D45)),Carouselwash!G:G,Carouselwash!I:I,0),_xlfn.XLOOKUP(MID(B45,2,7)&"/"&MID(B45,10,3)&TRIM(D45)&MID(B45,15,4),Carouselwash!F:F,Carouselwash!I:I,0)) -> 4
A46: 2625IR17 | B46: T520Y477M006ATE010 | C46: A520V227M006ASMHSM | D46: KBP86 | E46: 2026-07-28 | F46: 39960 | G46: 2026-07-30 | H46: 2026-08-22 | I46: T530Y | J46: 8 | K46: 5 | L46: SWWN35843166-007 | M46: 3683.2 | N46: NGZ | O46: 0.098 | P46: 0.163 | Q46: 0.033 | R46: 0.015 | S46: 60 | T46: 42 | U46: 18 | V46: S35103SXU2P | W46: 32 | X46: 25484.15 | Y46: 45360 | Z46: ANODE-KO | AA46: ,pull in | AB46: 3882459481,3882459482-QTY:13485 | AC46: 3882459480 | AD46: =IF(N46=$AD$1,_xlfn.XLOOKUP(LEFT(B46,18)&C46&D46,'Form CT'!I:I,'Form CT'!D:D,0)+_xlfn.XLOOKUP(LEFT(B46,18)&C46&D46,'Form CT'!I:I,'Form CT'!E:E,0),0) -> 0 | AE46: =IF(N46=$AE$1,_xlfn.XLOOKUP(LEFT(B46,18)&C46&D46,'Form CT'!I:I,'Form CT'!D:D,0)+_xlfn.XLOOKUP(LEFT(B46,18)&C46&D46,'Form CT'!I:I,'Form CT'!E:E,0),0) -> 0 | AF46: =IF(N46=$AF$1,_xlfn.XLOOKUP(LEFT(B46,18)&C46&D46,'Form CT'!I:I,'Form CT'!D:D,0)+_xlfn.XLOOKUP(LEFT(B46,18)&C46&D46,'Form CT'!I:I,'Form CT'!E:E,0),0) -> 452.42727 | AG46: =IF(OR( AND(MID(B46,2,2)="59", VALUE(MID(B46,11,2))>24), AND(LEFT(B46,4)="T521", VALUE(MID(B46,11,2))>62), LEFT(B46,4)="T523" ), "符合", "不符合") -> 不符合 | AH46: =_xlfn.XLOOKUP(TRIM(CLEAN(B46))&"-"&TRIM(CLEAN(C46))&"-"&TRIM(CLEAN(D46)),'KS2'!A:A,'KS2'!B:B,0) -> 0 | AI46: =IF(_xlfn.XLOOKUP(MID(B46,2,7)&"/"&MID(B46,10,3)&TRIM(D46)&MID(B46,15,4),Carouselwash!F:F,Carouselwash!I:I,0)=0,_xlfn.XLOOKUP((MID(C46,2,7)&"/"&MID(C46,10,3)&TRIM(D46)),Carouselwash!G:G,Carouselwash!I:I,0),_xlfn.XLOOKUP(MID(B46,2,7)&"/"&MID(B46,10,3)&TRIM(D46)&MID(B46,15,4),Carouselwash!F:F,Carouselwash!I:I,0)) -> 3
A47: 2629S257 | B47: T598D476M025ATE060 | C47: A598D476M025AS | D47: FTP200 | E47: 2026-07-28 | F47: 16461 | G47: 2026-07-31 | H47: 2026-08-30 | I47: T59D 1 | J47: 2 | K47: 0 | L47: WANQ32343198-005 | M47: 3250.9 | N47: P | O47: 0.128 | P47: 0.185 | Q47: 0.064 | R47: 0.015 | S47: 35 | T47: 26 | U47: 18 | V47: S20113V6BP7 | W47: 32 | X47: 44505 | Y47: 16380 | Z47: Intransit | AA47: fixed,TopRunners,pull in | AC47: 3882576383 | AD47: =IF(N47=$AD$1,_xlfn.XLOOKUP(LEFT(B47,18)&C47&D47,'Form CT'!I:I,'Form CT'!D:D,0)+_xlfn.XLOOKUP(LEFT(B47,18)&C47&D47,'Form CT'!I:I,'Form CT'!E:E,0),0) -> 764.57805 | AE47: =IF(N47=$AE$1,_xlfn.XLOOKUP(LEFT(B47,18)&C47&D47,'Form CT'!I:I,'Form CT'!D:D,0)+_xlfn.XLOOKUP(LEFT(B47,18)&C47&D47,'Form CT'!I:I,'Form CT'!E:E,0),0) -> 0 | AF47: =IF(N47=$AF$1,_xlfn.XLOOKUP(LEFT(B47,18)&C47&D47,'Form CT'!I:I,'Form CT'!D:D,0)+_xlfn.XLOOKUP(LEFT(B47,18)&C47&D47,'Form CT'!I:I,'Form CT'!E:E,0),0) -> 0 | AG47: =IF(OR( AND(MID(B47,2,2)="59", VALUE(MID(B47,11,2))>24), AND(LEFT(B47,4)="T521", VALUE(MID(B47,11,2))>62), LEFT(B47,4)="T523" ), "符合", "不符合") -> 符合 | AH47: =_xlfn.XLOOKUP(TRIM(CLEAN(B47))&"-"&TRIM(CLEAN(C47))&"-"&TRIM(CLEAN(D47)),'KS2'!A:A,'KS2'!B:B,0) -> 7 | AI47: =IF(_xlfn.XLOOKUP(MID(B47,2,7)&"/"&MID(B47,10,3)&TRIM(D47)&MID(B47,15,4),Carouselwash!F:F,Carouselwash!I:I,0)=0,_xlfn.XLOOKUP((MID(C47,2,7)&"/"&MID(C47,10,3)&TRIM(D47)),Carouselwash!G:G,Carouselwash!I:I,0),_xlfn.XLOOKUP(MID(B47,2,7)&"/"&MID(B47,10,3)&TRIM(D47)&MID(B47,15,4),Carouselwash!F:F,Carouselwash!I:I,0)) -> 3
A48: 2629HE57 | B48: T520D337M006ATE0407280 | C48: A520D337M006ASMHSP | D48: KBP76 | E48: 2026-07-28 | F48: 33526 | G48: 2026-07-23 | H48: 2026-08-15 | I48: D | J48: 8 | K48: 5 | L48: SWX743543198-001 | M48: 4345.6 | N48: NGZ | O48: 0.098 | P48: 0.163 | Q48: 0.05 | R48: 0.015 | S48: 50 | T48: 37 | U48: 18 | V48: S35103SXDU2P | W48: 32 | X48: 25813.46 | Y48: 33300 | Z48: Intransit | AA48: fixed,pass due,push out | AB48: 3882441540,3882441541_x000D_ ,PN1:T520D337M006ATE0407280-StartDate:2026-07-23-QTY:2641_x000D_ ,PN:T520D337M006ATE018-StartDate:2026-08-22-QTY:1834-OrderNo:3882441929,pass due | AC48: 3882441539 | AD48: =IF(N48=$AD$1,_xlfn.XLOOKUP(LEFT(B48,18)&C48&D48,'Form CT'!I:I,'Form CT'!D:D,0)+_xlfn.XLOOKUP(LEFT(B48,18)&C48&D48,'Form CT'!I:I,'Form CT'!E:E,0),0) -> 0 | AE48: =IF(N48=$AE$1,_xlfn.XLOOKUP(LEFT(B48,18)&C48&D48,'Form CT'!I:I,'Form CT'!D:D,0)+_xlfn.XLOOKUP(LEFT(B48,18)&C48&D48,'Form CT'!I:I,'Form CT'!E:E,0),0) -> 0 | AF48: =IF(N48=$AF$1,_xlfn.XLOOKUP(LEFT(B48,18)&C48&D48,'Form CT'!I:I,'Form CT'!D:D,0)+_xlfn.XLOOKUP(LEFT(B48,18)&C48&D48,'Form CT'!I:I,'Form CT'!E:E,0),0) -> 422.42152 | AG48: =IF(OR( AND(MID(B48,2,2)="59", VALUE(MID(B48,11,2))>24), AND(LEFT(B48,4)="T521", VALUE(MID(B48,11,2))>62), LEFT(B48,4)="T523" ), "符合", "不符合") -> 不符合 | AH48: =_xlfn.XLOOKUP(TRIM(CLEAN(B48))&"-"&TRIM(CLEAN(C48))&"-"&TRIM(CLEAN(D48)),'KS2'!A:A,'KS2'!B:B,0) -> 0 | AI48: =IF(_xlfn.XLOOKUP(MID(B48,2,7)&"/"&MID(B48,10,3)&TRIM(D48)&MID(B48,15,4),Carouselwash!F:F,Carouselwash!I:I,0)=0,_xlfn.XLOOKUP((MID(C48,2,7)&"/"&MID(C48,10,3)&TRIM(D48)),Carouselwash!G:G,Carouselwash!I:I,0),_xlfn.XLOOKUP(MID(B48,2,7)&"/"&MID(B48,10,3)&TRIM(D48)&MID(B48,15,4),Carouselwash!F:F,Carouselwash!I:I,0)) -> 3
A49: 2628KK37 | B49: T521D227M016ATE050 | C49: A521D227M016AS | D49: FTW102K | E49: 2026-07-28 | F49: 16372 | G49: 2026-07-30 | H49: 2026-08-22 | I49: D | J49: 8 | K49: 4 | L49: WI6$80143189-004 | M49: 8171.3 | N49: P | O49: 0.128 | P49: 0.17 | Q49: 0.05 | R49: 0.015 | S49: 35 | T49: 26 | U49: 18 | V49: S44143SXDU2P | W49: 32 | X49: 41186.27 | Y49: 16380 | Z49: ANODE-KO | AA49: ,pull in | AB49: 3882466556-QTY:15929 | AC49: 3882466555 | AD49: =IF(N49=$AD$1,_xlfn.XLOOKUP(LEFT(B49,18)&C49&D49,'Form CT'!I:I,'Form CT'!D:D,0)+_xlfn.XLOOKUP(LEFT(B49,18)&C49&D49,'Form CT'!I:I,'Form CT'!E:E,0),0) -> 669.49165 | AE49: =IF(N49=$AE$1,_xlfn.XLOOKUP(LEFT(B49,18)&C49&D49,'Form CT'!I:I,'Form CT'!D:D,0)+_xlfn.XLOOKUP(LEFT(B49,18)&C49&D49,'Form CT'!I:I,'Form CT'!E:E,0),0) -> 0 | AF49: =IF(N49=$AF$1,_xlfn.XLOOKUP(LEFT(B49,18)&C49&D49,'Form CT'!I:I,'Form CT'!D:D,0)+_xlfn.XLOOKUP(LEFT(B49,18)&C49&D49,'Form CT'!I:I,'Form CT'!E:E,0),0) -> 0 | AG49: =IF(OR( AND(MID(B49,2,2)="59", VALUE(MID(B49,11,2))>24), AND(LEFT(B49,4)="T521", VALUE(MID(B49,11,2))>62), LEFT(B49,4)="T523" ), "符合", "不符合") -> 不符合 | AH49: =_xlfn.XLOOKUP(TRIM(CLEAN(B49))&"-"&TRIM(CLEAN(C49))&"-"&TRIM(CLEAN(D49)),'KS2'!A:A,'KS2'!B:B,0) -> 0 | AI49: =IF(_xlfn.XLOOKUP(MID(B49,2,7)&"/"&MID(B49,10,3)&TRIM(D49)&MID(B49,15,4),Carouselwash!F:F,Carouselwash!I:I,0)=0,_xlfn.XLOOKUP((MID(C49,2,7)&"/"&MID(C49,10,3)&TRIM(D49)),Carouselwash!G:G,Carouselwash!I:I,0),_xlfn.XLOOKUP(MID(B49,2,7)&"/"&MID(B49,10,3)&TRIM(D49)&MID(B49,15,4),Carouselwash!F:F,Carouselwash!I:I,0)) -> 3
A50: 2628K537 | B50: T521D107M025ATE040 | C50: A521D107M025ASMHSP | D50: TTS50 | E50: 2026-07-28 | F50: 28859 | G50: 2026-07-30 | H50: 2026-08-19 | I50: D | J50: 6 | K50: 4 | L50: WIV$55043189-020 | M50: 5768.3 | N50: P | O50: 0.128 | P50: 0.17 | Q50: 0.064 | R50: 0.015 | S50: 50 | T50: 32 | U50: 18 | V50: S24143SXU3P | W50: 32 | X50: 34325.82 | Y50: 28800 | Z50: ANODE-KO | AA50: fixed,TopRunners,pull in | AC50: 3882472836 | AD50: =IF(N50=$AD$1,_xlfn.XLOOKUP(LEFT(B50,18)&C50&D50,'Form CT'!I:I,'Form CT'!D:D,0)+_xlfn.XLOOKUP(LEFT(B50,18)&C50&D50,'Form CT'!I:I,'Form CT'!E:E,0),0) -> 582.15053 | AE50: =IF(N50=$AE$1,_xlfn.XLOOKUP(LEFT(B50,18)&C50&D50,'Form CT'!I:I,'Form CT'!D:D,0)+_xlfn.XLOOKUP(LEFT(B50,18)&C50&D50,'Form CT'!I:I,'Form CT'!E:E,0),0) -> 0 | AF50: =IF(N50=$AF$1,_xlfn.XLOOKUP(LEFT(B50,18)&C50&D50,'Form CT'!I:I,'Form CT'!D:D,0)+_xlfn.XLOOKUP(LEFT(B50,18)&C50&D50,'Form CT'!I:I,'Form CT'!E:E,0),0) -> 0 | AG50: =IF(OR( AND(MID(B50,2,2)="59", VALUE(MID(B50,11,2))>24), AND(LEFT(B50,4)="T521", VALUE(MID(B50,11,2))>62), LEFT(B50,4)="T523" ), "符合", "不符合") -> 不符合 | AH50: =_xlfn.XLOOKUP(TRIM(CLEAN(B50))&"-"&TRIM(CLEAN(C50))&"-"&TRIM(CLEAN(D50)),'KS2'!A:A,'KS2'!B:B,0) -> 0 | AI50: =IF(_xlfn.XLOOKUP(MID(B50,2,7)&"/"&MID(B50,10,3)&TRIM(D50)&MID(B50,15,4),Carouselwash!F:F,Carouselwash!I:I,0)=0,_xlfn.XLOOKUP((MID(C50,2,7)&"/"&MID(C50,10,3)&TRIM(D50)),Carouselwash!G:G,Carouselwash!I:I,0),_xlfn.XLOOKUP(MID(B50,2,7)&"/"&MID(B50,10,3)&TRIM(D50)&MID(B50,15,4),Carouselwash!F:F,Carouselwash!I:I,0)) -> 3
A51: 2625JW47 | B51: T521V107M020ATE055 | C51: A521V107M020ASMH01 | D51: KBP86 | E51: 2026-07-28 | F51: 33300 | G51: 2026-07-25 | H51: 2026-08-19 | I51: T59V | J51: 7 | K51: 4 | L51: XLKZ5344D169-026 | M51: 5427.5 | N51: P | O51: 0.128 | P51: 0.185 | Q51: 0.033 | R51: 0.0118 | S51: 50 | T51: 37 | U51: 18 | V51: S34153SXU2P | W51: 32 | X51: 35070.43 | Y51: 33300 | Z51: ANODE-KO | AA51: fixed,pass due,push out | AB51: 3882477150,3882477151-QTY:11646,pass due | AC51: 3882477149 | AD51: =IF(N51=$AD$1,_xlfn.XLOOKUP(LEFT(B51,18)&C51&D51,'Form CT'!I:I,'Form CT'!D:D,0)+_xlfn.XLOOKUP(LEFT(B51,18)&C51&D51,'Form CT'!I:I,'Form CT'!E:E,0),0) -> 581.43039 | AE51: =IF(N51=$AE$1,_xlfn.XLOOKUP(LEFT(B51,18)&C51&D51,'Form CT'!I:I,'Form CT'!D:D,0)+_xlfn.XLOOKUP(LEFT(B51,18)&C51&D51,'Form CT'!I:I,'Form CT'!E:E,0),0) -> 0 | AF51: =IF(N51=$AF$1,_xlfn.XLOOKUP(LEFT(B51,18)&C51&D51,'Form CT'!I:I,'Form CT'!D:D,0)+_xlfn.XLOOKUP(LEFT(B51,18)&C51&D51,'Form CT'!I:I,'Form CT'!E:E,0),0) -> 0 | AG51: =IF(OR( AND(MID(B51,2,2)="59", VALUE(MID(B51,11,2))>24), AND(LEFT(B51,4)="T521", VALUE(MID(B51,11,2))>62), LEFT(B51,4)="T523" ), "符合", "不符合") -> 不符合 | AH51: =_xlfn.XLOOKUP(TRIM(CLEAN(B51))&"-"&TRIM(CLEAN(C51))&"-"&TRIM(CLEAN(D51)),'KS2'!A:A,'KS2'!B:B,0) -> 0 | AI51: =IF(_xlfn.XLOOKUP(MID(B51,2,7)&"/"&MID(B51,10,3)&TRIM(D51)&MID(B51,15,4),Carouselwash!F:F,Carouselwash!I:I,0)=0,_xlfn.XLOOKUP((MID(C51,2,7)&"/"&MID(C51,10,3)&TRIM(D51)),Carouselwash!G:G,Carouselwash!I:I,0),_xlfn.XLOOKUP(MID(B51,2,7)&"/"&MID(B51,10,3)&TRIM(D51)&MID(B51,15,4),Carouselwash!F:F,Carouselwash!I:I,0)) -> 3
A52: 2624E567 | B52: T521V107M020ATE055 | C52: A521V107M020ASMH01 | D52: KBP86 | E52: 2026-07-28 | F52: 33300 | G52: 2026-07-25 | H52: 2026-08-19 | I52: T59V | J52: 7 | K52: 4 | L52: XLKZ5344D163-052 | M52: 5450.7 | N52: P | O52: 0.128 | P52: 0.185 | Q52: 0.033 | R52: 0.0118 | S52: 50 | T52: 37 | U52: 18 | V52: S34153SXU2P | W52: 32 | X52: 35070.43 | Y52: 33300 | Z52: ANODE-KO | AA52: fixed,pass due,push out | AB52: 3882477142,3882477143-QTY:6161,pass due | AC52: 3882477141 | AD52: =IF(N52=$AD$1,_xlfn.XLOOKUP(LEFT(B52,18)&C52&D52,'Form CT'!I:I,'Form CT'!D:D,0)+_xlfn.XLOOKUP(LEFT(B52,18)&C52&D52,'Form CT'!I:I,'Form CT'!E:E,0),0) -> 581.43039 | AE52: =IF(N52=$AE$1,_xlfn.XLOOKUP(LEFT(B52,18)&C52&D52,'Form CT'!I:I,'Form CT'!D:D,0)+_xlfn.XLOOKUP(LEFT(B52,18)&C52&D52,'Form CT'!I:I,'Form CT'!E:E,0),0) -> 0 | AF52: =IF(N52=$AF$1,_xlfn.XLOOKUP(LEFT(B52,18)&C52&D52,'Form CT'!I:I,'Form CT'!D:D,0)+_xlfn.XLOOKUP(LEFT(B52,18)&C52&D52,'Form CT'!I:I,'Form CT'!E:E,0),0) -> 0 | AG52: =IF(OR( AND(MID(B52,2,2)="59", VALUE(MID(B52,11,2))>24), AND(LEFT(B52,4)="T521", VALUE(MID(B52,11,2))>62), LEFT(B52,4)="T523" ), "符合", "不符合") -> 不符合 | AH52: =_xlfn.XLOOKUP(TRIM(CLEAN(B52))&"-"&TRIM(CLEAN(C52))&"-"&TRIM(CLEAN(D52)),'KS2'!A:A,'KS2'!B:B,0) -> 0 | AI52: =IF(_xlfn.XLOOKUP(MID(B52,2,7)&"/"&MID(B52,10,3)&TRIM(D52)&MID(B52,15,4),Carouselwash!F:F,Carouselwash!I:I,0)=0,_xlfn.XLOOKUP((MID(C52,2,7)&"/"&MID(C52,10,3)&TRIM(D52)),Carouselwash!G:G,Carouselwash!I:I,0),_xlfn.XLOOKUP(MID(B52,2,7)&"/"&MID(B52,10,3)&TRIM(D52)&MID(B52,15,4),Carouselwash!F:F,Carouselwash!I:I,0)) -> 3
A53: 2628HL57 | B53: T530X158M2R5ATE005 | C53: A530V477M2R5ASE005 | D53: KBP76 | E53: 2026-07-28 | F53: 33300 | G53: 2026-07-27 | H53: 2026-08-22 | I53: T530X | J53: 14 | K53: 9 | L53: XLR.44549191-001 | M53: 4316.5 | N53: P | O53: 0.128 | P53: 0.185 | Q53: 0.032 | R53: 0.0193 | S53: 50 | T53: 37 | U53: 18 | V53: S59113SJ | W53: 32 | X53: 20664.46 | Y53: 33300 | Z53: ANODE-KO | AA53: fixed,TopRunners | AB53: pass due | AC53: 3882502041 | AD53: =IF(N53=$AD$1,_xlfn.XLOOKUP(LEFT(B53,18)&C53&D53,'Form CT'!I:I,'Form CT'!D:D,0)+_xlfn.XLOOKUP(LEFT(B53,18)&C53&D53,'Form CT'!I:I,'Form CT'!E:E,0),0) -> 334.29227 | AE53: =IF(N53=$AE$1,_xlfn.XLOOKUP(LEFT(B53,18)&C53&D53,'Form CT'!I:I,'Form CT'!D:D,0)+_xlfn.XLOOKUP(LEFT(B53,18)&C53&D53,'Form CT'!I:I,'Form CT'!E:E,0),0) -> 0 | AF53: =IF(N53=$AF$1,_xlfn.XLOOKUP(LEFT(B53,18)&C53&D53,'Form CT'!I:I,'Form CT'!D:D,0)+_xlfn.XLOOKUP(LEFT(B53,18)&C53&D53,'Form CT'!I:I,'Form CT'!E:E,0),0) -> 0 | AG53: =IF(OR( AND(MID(B53,2,2)="59", VALUE(MID(B53,11,2))>24), AND(LEFT(B53,4)="T521", VALUE(MID(B53,11,2))>62), LEFT(B53,4)="T523" ), "符合", "不符合") -> #VALUE! | AH53: =_xlfn.XLOOKUP(TRIM(CLEAN(B53))&"-"&TRIM(CLEAN(C53))&"-"&TRIM(CLEAN(D53)),'KS2'!A:A,'KS2'!B:B,0) -> 0 | AI53: =IF(_xlfn.XLOOKUP(MID(B53,2,7)&"/"&MID(B53,10,3)&TRIM(D53)&MID(B53,15,4),Carouselwash!F:F,Carouselwash!I:I,0)=0,_xlfn.XLOOKUP((MID(C53,2,7)&"/"&MID(C53,10,3)&TRIM(D53)),Carouselwash!G:G,Carouselwash!I:I,0),_xlfn.XLOOKUP(MID(B53,2,7)&"/"&MID(B53,10,3)&TRIM(D53)&MID(B53,15,4),Carouselwash!F:F,Carouselwash!I:I,0)) -> 3
A54: 2628JC67 | B54: T598D477M2R5ATE006 | C54: A598V247M004AS | D54: TTS80 | E54: 2026-07-28 | F54: 42300 | G54: 2026-08-01 | H54: 2026-09-06 | I54: T59D 2 | J54: 14 | K54: 9 | L54: R8TE28649191-018 | M54: 2824 | N54: NGZ | O54: 0.065 | P54: 0.17 | Q54: 0.04 | R54: 0.0193 | S54: 50 | T54: 47 | U54: 18 | V54: S59112SJ4 | W54: 32 | X54: 20932.16 | Y54: 42300 | Z54: ANODE-KO | AA54: ,pull in | AB54: 3882573995-QTY:32829 | AC54: 3882573994 | AD54: =IF(N54=$AD$1,_xlfn.XLOOKUP(LEFT(B54,18)&C54&D54,'Form CT'!I:I,'Form CT'!D:D,0)+_xlfn.XLOOKUP(LEFT(B54,18)&C54&D54,'Form CT'!I:I,'Form CT'!E:E,0),0) -> 0 | AE54: =IF(N54=$AE$1,_xlfn.XLOOKUP(LEFT(B54,18)&C54&D54,'Form CT'!I:I,'Form CT'!D:D,0)+_xlfn.XLOOKUP(LEFT(B54,18)&C54&D54,'Form CT'!I:I,'Form CT'!E:E,0),0) -> 0 | AF54: =IF(N54=$AF$1,_xlfn.XLOOKUP(LEFT(B54,18)&C54&D54,'Form CT'!I:I,'Form CT'!D:D,0)+_xlfn.XLOOKUP(LEFT(B54,18)&C54&D54,'Form CT'!I:I,'Form CT'!E:E,0),0) -> 349.29693 | AG54: =IF(OR( AND(MID(B54,2,2)="59", VALUE(MID(B54,11,2))>24), AND(LEFT(B54,4)="T521", VALUE(MID(B54,11,2))>62), LEFT(B54,4)="T523" ), "符合", "不符合") -> #VALUE! | AH54: =_xlfn.XLOOKUP(TRIM(CLEAN(B54))&"-"&TRIM(CLEAN(C54))&"-"&TRIM(CLEAN(D54)),'KS2'!A:A,'KS2'!B:B,0) -> 0 | AI54: =IF(_xlfn.XLOOKUP(MID(B54,2,7)&"/"&MID(B54,10,3)&TRIM(D54)&MID(B54,15,4),Carouselwash!F:F,Carouselwash!I:I,0)=0,_xlfn.XLOOKUP((MID(C54,2,7)&"/"&MID(C54,10,3)&TRIM(D54)),Carouselwash!G:G,Carouselwash!I:I,0),_xlfn.XLOOKUP(MID(B54,2,7)&"/"&MID(B54,10,3)&TRIM(D54)&MID(B54,15,4),Carouselwash!F:F,Carouselwash!I:I,0)) -> 3
A55: 2628JG27 | B55: T521T336M018APE0557659 | C55: A521T336M018ASTR01 | D55: FTW121KE | E55: 2026-07-28 | F55: 50760 | G55: 2026-07-27 | H55: 2026-08-18 | I55: T-A42 | J55: 10 | K55: 5 | L55: QOGQ1454A188-029 | M55: 1455 | N55: P | O55: 0.094 | P55: 0.076 | Q55: 0.0203 | R55: 0.0098 | S55: 60 | T55: 47 | U55: 18 | V55: S55152IXU2P | W55: 42 | X55: 66066.73 | Y55: 50760 | Z55: ANODE-KO | AA55: fixed,pass due | AB55: 3882421911-QTY:43976,pass due | AC55: 3882421910 | AD55: =IF(N55=$AD$1,_xlfn.XLOOKUP(LEFT(B55,18)&C55&D55,'Form CT'!I:I,'Form CT'!D:D,0)+_xlfn.XLOOKUP(LEFT(B55,18)&C55&D55,'Form CT'!I:I,'Form CT'!E:E,0),0) -> 770.01657 | AE55: =IF(N55=$AE$1,_xlfn.XLOOKUP(LEFT(B55,18)&C55&D55,'Form CT'!I:I,'Form CT'!D:D,0)+_xlfn.XLOOKUP(LEFT(B55,18)&C55&D55,'Form CT'!I:I,'Form CT'!E:E,0),0) -> 0 | AF55: =IF(N55=$AF$1,_xlfn.XLOOKUP(LEFT(B55,18)&C55&D55,'Form CT'!I:I,'Form CT'!D:D,0)+_xlfn.XLOOKUP(LEFT(B55,18)&C55&D55,'Form CT'!I:I,'Form CT'!E:E,0),0) -> 0 | AG55: =IF(OR( AND(MID(B55,2,2)="59", VALUE(MID(B55,11,2))>24), AND(LEFT(B55,4)="T521", VALUE(MID(B55,11,2))>62), LEFT(B55,4)="T523" ), "符合", "不符合") -> 不符合 | AH55: =_xlfn.XLOOKUP(TRIM(CLEAN(B55))&"-"&TRIM(CLEAN(C55))&"-"&TRIM(CLEAN(D55)),'KS2'!A:A,'KS2'!B:B,0) -> 0 | AI55: =IF(_xlfn.XLOOKUP(MID(B55,2,7)&"/"&MID(B55,10,3)&TRIM(D55)&MID(B55,15,4),Carouselwash!F:F,Carouselwash!I:I,0)=0,_xlfn.XLOOKUP((MID(C55,2,7)&"/"&MID(C55,10,3)&TRIM(D55)),Carouselwash!G:G,Carouselwash!I:I,0),_xlfn.XLOOKUP(MID(B55,2,7)&"/"&MID(B55,10,3)&TRIM(D55)&MID(B55,15,4),Carouselwash!F:F,Carouselwash!I:I,0)) -> 3
A56: 2628Q937 | B56: T598D477M2R5ATE006 | C56: A598V247M004AS | D56: TTS80 | E56: 2026-07-28 | F56: 42204 | G56: 2026-08-01 | H56: 2026-09-06 | I56: T59D 2 | J56: 14 | K56: 9 | L56: R8TE28649189-012 | M56: 2763.9 | N56: NGZ | O56: 0.065 | P56: 0.17 | Q56: 0.04 | R56: 0.0193 | S56: 50 | T56: 47 | U56: 18 | V56: S59112SJ4 | W56: 32 | X56: 20932.16 | Y56: 42300 | Z56: ANODE-KO | AA56: ,pull in | AB56: 3882573996-QTY:27552 | AC56: 3882573995 | AD56: =IF(N56=$AD$1,_xlfn.XLOOKUP(LEFT(B56,18)&C56&D56,'Form CT'!I:I,'Form CT'!D:D,0)+_xlfn.XLOOKUP(LEFT(B56,18)&C56&D56,'Form CT'!I:I,'Form CT'!E:E,0),0) -> 0 | AE56: =IF(N56=$AE$1,_xlfn.XLOOKUP(LEFT(B56,18)&C56&D56,'Form CT'!I:I,'Form CT'!D:D,0)+_xlfn.XLOOKUP(LEFT(B56,18)&C56&D56,'Form CT'!I:I,'Form CT'!E:E,0),0) -> 0 | AF56: =IF(N56=$AF$1,_xlfn.XLOOKUP(LEFT(B56,18)&C56&D56,'Form CT'!I:I,'Form CT'!D:D,0)+_xlfn.XLOOKUP(LEFT(B56,18)&C56&D56,'Form CT'!I:I,'Form CT'!E:E,0),0) -> 349.29693 | AG56: =IF(OR( AND(MID(B56,2,2)="59", VALUE(MID(B56,11,2))>24), AND(LEFT(B56,4)="T521", VALUE(MID(B56,11,2))>62), LEFT(B56,4)="T523" ), "符合", "不符合") -> #VALUE! | AH56: =_xlfn.XLOOKUP(TRIM(CLEAN(B56))&"-"&TRIM(CLEAN(C56))&"-"&TRIM(CLEAN(D56)),'KS2'!A:A,'KS2'!B:B,0) -> 0 | AI56: =IF(_xlfn.XLOOKUP(MID(B56,2,7)&"/"&MID(B56,10,3)&TRIM(D56)&MID(B56,15,4),Carouselwash!F:F,Carouselwash!I:I,0)=0,_xlfn.XLOOKUP((MID(C56,2,7)&"/"&MID(C56,10,3)&TRIM(D56)),Carouselwash!G:G,Carouselwash!I:I,0),_xlfn.XLOOKUP(MID(B56,2,7)&"/"&MID(B56,10,3)&TRIM(D56)&MID(B56,15,4),Carouselwash!F:F,Carouselwash!I:I,0)) -> 3
A57: 2627DI57 | B57: T521D227M016ATE050 | C57: A521D227M016AS | D57: FTW102K | E57: 2026-07-28 | F57: 16380 | G57: 2026-07-30 | H57: 2026-08-22 | I57: D | J57: 8 | K57: 4 | L57: WI6$80143184-006 | M57: 8211 | N57: P | O57: 0.128 | P57: 0.17 | Q57: 0.05 | R57: 0.015 | S57: 35 | T57: 26 | U57: 18 | V57: S44143SXDU2P | W57: 32 | X57: 41186.27 | Y57: 16380 | Z57: ANODE-KO | AA57: ,pull in | AB57: 3882466554-QTY:15945 | AC57: 3882466553 | AD57: =IF(N57=$AD$1,_xlfn.XLOOKUP(LEFT(B57,18)&C57&D57,'Form CT'!I:I,'Form CT'!D:D,0)+_xlfn.XLOOKUP(LEFT(B57,18)&C57&D57,'Form CT'!I:I,'Form CT'!E:E,0),0) -> 669.49165 | AE57: =IF(N57=$AE$1,_xlfn.XLOOKUP(LEFT(B57,18)&C57&D57,'Form CT'!I:I,'Form CT'!D:D,0)+_xlfn.XLOOKUP(LEFT(B57,18)&C57&D57,'Form CT'!I:I,'Form CT'!E:E,0),0) -> 0 | AF57: =IF(N57=$AF$1,_xlfn.XLOOKUP(LEFT(B57,18)&C57&D57,'Form CT'!I:I,'Form CT'!D:D,0)+_xlfn.XLOOKUP(LEFT(B57,18)&C57&D57,'Form CT'!I:I,'Form CT'!E:E,0),0) -> 0 | AG57: =IF(OR( AND(MID(B57,2,2)="59", VALUE(MID(B57,11,2))>24), AND(LEFT(B57,4)="T521", VALUE(MID(B57,11,2))>62), LEFT(B57,4)="T523" ), "符合", "不符合") -> 不符合 | AH57: =_xlfn.XLOOKUP(TRIM(CLEAN(B57))&"-"&TRIM(CLEAN(C57))&"-"&TRIM(CLEAN(D57)),'KS2'!A:A,'KS2'!B:B,0) -> 0 | AI57: =IF(_xlfn.XLOOKUP(MID(B57,2,7)&"/"&MID(B57,10,3)&TRIM(D57)&MID(B57,15,4),Carouselwash!F:F,Carouselwash!I:I,0)=0,_xlfn.XLOOKUP((MID(C57,2,7)&"/"&MID(C57,10,3)&TRIM(D57)),Carouselwash!G:G,Carouselwash!I:I,0),_xlfn.XLOOKUP(MID(B57,2,7)&"/"&MID(B57,10,3)&TRIM(D57)&MID(B57,15,4),Carouselwash!F:F,Carouselwash!I:I,0)) -> 3
A58: 2628GU67 | B58: T530D337M006ATE006 | C58: A530V117M006ASE006 | D58: KBP76 | E58: 2026-07-28 | F58: 42300 | G58: 2026-07-30 | H58: 2026-08-26 | I58: T530D 3 | J58: 14 | K58: 9 | L58: VK/S21943191-002 | M58: 2169.4 | N58: NGZ | O58: 0.07 | P58: 0.19 | Q58: 0.031 | R58: 0.015 | S58: 50 | T58: 47 | U58: 18 | V58: S59113 | W58: 32 | X58: 22695.61 | Y58: 42300 | Z58: ANODE-KO | AA58: ,pull in | AB58: 3882499347-QTY:17623 | AC58: 3882499346 | AD58: =IF(N58=$AD$1,_xlfn.XLOOKUP(LEFT(B58,18)&C58&D58,'Form CT'!I:I,'Form CT'!D:D,0)+_xlfn.XLOOKUP(LEFT(B58,18)&C58&D58,'Form CT'!I:I,'Form CT'!E:E,0),0) -> 0 | AE58: =IF(N58=$AE$1,_xlfn.XLOOKUP(LEFT(B58,18)&C58&D58,'Form CT'!I:I,'Form CT'!D:D,0)+_xlfn.XLOOKUP(LEFT(B58,18)&C58&D58,'Form CT'!I:I,'Form CT'!E:E,0),0) -> 0 | AF58: =IF(N58=$AF$1,_xlfn.XLOOKUP(LEFT(B58,18)&C58&D58,'Form CT'!I:I,'Form CT'!D:D,0)+_xlfn.XLOOKUP(LEFT(B58,18)&C58&D58,'Form CT'!I:I,'Form CT'!E:E,0),0) -> 360.52159 | AG58: =IF(OR( AND(MID(B58,2,2)="59", VALUE(MID(B58,11,2))>24), AND(LEFT(B58,4)="T521", VALUE(MID(B58,11,2))>62), LEFT(B58,4)="T523" ), "符合", "不符合") -> 不符合 | AH58: =_xlfn.XLOOKUP(TRIM(CLEAN(B58))&"-"&TRIM(CLEAN(C58))&"-"&TRIM(CLEAN(D58)),'KS2'!A:A,'KS2'!B:B,0) -> 0 | AI58: =IF(_xlfn.XLOOKUP(MID(B58,2,7)&"/"&MID(B58,10,3)&TRIM(D58)&MID(B58,15,4),Carouselwash!F:F,Carouselwash!I:I,0)=0,_xlfn.XLOOKUP((MID(C58,2,7)&"/"&MID(C58,10,3)&TRIM(D58)),Carouselwash!G:G,Carouselwash!I:I,0),_xlfn.XLOOKUP(MID(B58,2,7)&"/"&MID(B58,10,3)&TRIM(D58)&MID(B58,15,4),Carouselwash!F:F,Carouselwash!I:I,0)) -> 3
A59: 2626KF67 | B59: T528B277M2R5APE006 | C59: A528B906M2R5AS | D59: STA156KA | E59: 2026-07-28 | F59: 67500 | G59: 2026-08-09 | H59: 2026-09-15 | I59: T528B | J59: 14 | K59: 9 | L59: S2AQ1104F177-002 | M59: 1149.1 | N59: P | O59: 0.057 | P59: 0.074 | Q59: 0.022 | R59: 0.0133 | S59: 56 | T59: 67 | U59: 18 | V59: S59102SXGJ6 | W59: 42 | X59: 38983.54 | Y59: 67536 | Z59: ANODE-KO | AA59: ,pull in | AB59: 3882492059,3882492060-QTY:8610 | AC59: 3882492058 | AD59: =IF(N59=$AD$1,_xlfn.XLOOKUP(LEFT(B59,18)&C59&D59,'Form CT'!I:I,'Form CT'!D:D,0)+_xlfn.XLOOKUP(LEFT(B59,18)&C59&D59,'Form CT'!I:I,'Form CT'!E:E,0),0) -> 661.909 | AE59: =IF(N59=$AE$1,_xlfn.XLOOKUP(LEFT(B59,18)&C59&D59,'Form CT'!I:I,'Form CT'!D:D,0)+_xlfn.XLOOKUP(LEFT(B59,18)&C59&D59,'Form CT'!I:I,'Form CT'!E:E,0),0) -> 0 | AF59: =IF(N59=$AF$1,_xlfn.XLOOKUP(LEFT(B59,18)&C59&D59,'Form CT'!I:I,'Form CT'!D:D,0)+_xlfn.XLOOKUP(LEFT(B59,18)&C59&D59,'Form CT'!I:I,'Form CT'!E:E,0),0) -> 0 | AG59: =IF(OR( AND(MID(B59,2,2)="59", VALUE(MID(B59,11,2))>24), AND(LEFT(B59,4)="T521", VALUE(MID(B59,11,2))>62), LEFT(B59,4)="T523" ), "符合", "不符合") -> #VALUE! | AH59: =_xlfn.XLOOKUP(TRIM(CLEAN(B59))&"-"&TRIM(CLEAN(C59))&"-"&TRIM(CLEAN(D59)),'KS2'!A:A,'KS2'!B:B,0) -> 0 | AI59: =IF(_xlfn.XLOOKUP(MID(B59,2,7)&"/"&MID(B59,10,3)&TRIM(D59)&MID(B59,15,4),Carouselwash!F:F,Carouselwash!I:I,0)=0,_xlfn.XLOOKUP((MID(C59,2,7)&"/"&MID(C59,10,3)&TRIM(D59)),Carouselwash!G:G,Carouselwash!I:I,0),_xlfn.XLOOKUP(MID(B59,2,7)&"/"&MID(B59,10,3)&TRIM(D59)&MID(B59,15,4),Carouselwash!F:F,Carouselwash!I:I,0)) -> 3
A60: 2628UC57 | B60: T520Y477M006ATE010 | C60: A520V227M006ASMHSM | D60: KBP86 | E60: 2026-07-28 | F60: 43000 | G60: 2026-07-30 | H60: 2026-08-22 | I60: T530Y | J60: 8 | K60: 5 | L60: SWWN35843191-013 | M60: 3508.2 | N60: NGZ | O60: 0.098 | P60: 0.163 | Q60: 0.033 | R60: 0.015 | S60: 60 | T60: 42 | U60: 18 | V60: S35103SXU2P | W60: 32 | X60: 25484.15 | Y60: 45360 | Z60: ANODE-KO | AA60: ,pull in | AB60: 3882459480-QTY:30507 | AC60: 3882459479 | AD60: =IF(N60=$AD$1,_xlfn.XLOOKUP(LEFT(B60,18)&C60&D60,'Form CT'!I:I,'Form CT'!D:D,0)+_xlfn.XLOOKUP(LEFT(B60,18)&C60&D60,'Form CT'!I:I,'Form CT'!E:E,0),0) -> 0 | AE60: =IF(N60=$AE$1,_xlfn.XLOOKUP(LEFT(B60,18)&C60&D60,'Form CT'!I:I,'Form CT'!D:D,0)+_xlfn.XLOOKUP(LEFT(B60,18)&C60&D60,'Form CT'!I:I,'Form CT'!E:E,0),0) -> 0 | AF60: =IF(N60=$AF$1,_xlfn.XLOOKUP(LEFT(B60,18)&C60&D60,'Form CT'!I:I,'Form CT'!D:D,0)+_xlfn.XLOOKUP(LEFT(B60,18)&C60&D60,'Form CT'!I:I,'Form CT'!E:E,0),0) -> 452.42727 | AG60: =IF(OR( AND(MID(B60,2,2)="59", VALUE(MID(B60,11,2))>24), AND(LEFT(B60,4)="T521", VALUE(MID(B60,11,2))>62), LEFT(B60,4)="T523" ), "符合", "不符合") -> 不符合 | AH60: =_xlfn.XLOOKUP(TRIM(CLEAN(B60))&"-"&TRIM(CLEAN(C60))&"-"&TRIM(CLEAN(D60)),'KS2'!A:A,'KS2'!B:B,0) -> 0 | AI60: =IF(_xlfn.XLOOKUP(MID(B60,2,7)&"/"&MID(B60,10,3)&TRIM(D60)&MID(B60,15,4),Carouselwash!F:F,Carouselwash!I:I,0)=0,_xlfn.XLOOKUP((MID(C60,2,7)&"/"&MID(C60,10,3)&TRIM(D60)),Carouselwash!G:G,Carouselwash!I:I,0),_xlfn.XLOOKUP(MID(B60,2,7)&"/"&MID(B60,10,3)&TRIM(D60)&MID(B60,15,4),Carouselwash!F:F,Carouselwash!I:I,0)) -> 3
A61: 2627PK27 | B61: T521D107M025ATE0407280 | C61: A521D107M025ASALT2 | D61: FTW503 | E61: 2026-07-28 | F61: 28900 | G61: 2026-07-25 | H61: 2026-08-17 | I61: D | J61: 6 | K61: 4 | L61: WIJ+55043181-042 | M61: 5628.7 | N61: P | O61: 0.128 | P61: 0.17 | Q61: 0.064 | R61: 0.015 | S61: 50 | T61: 32 | U61: 18 | V61: S24143SXU3P | W61: 32 | X61: 34184.05 | Y61: 28800 | Z61: ANODE-KO | AA61: fixed,TopRunners,push out | AB61: pass due | AC61: 3882468222 | AD61: =IF(N61=$AD$1,_xlfn.XLOOKUP(LEFT(B61,18)&C61&D61,'Form CT'!I:I,'Form CT'!D:D,0)+_xlfn.XLOOKUP(LEFT(B61,18)&C61&D61,'Form CT'!I:I,'Form CT'!E:E,0),0) -> 582.32677 | AE61: =IF(N61=$AE$1,_xlfn.XLOOKUP(LEFT(B61,18)&C61&D61,'Form CT'!I:I,'Form CT'!D:D,0)+_xlfn.XLOOKUP(LEFT(B61,18)&C61&D61,'Form CT'!I:I,'Form CT'!E:E,0),0) -> 0 | AF61: =IF(N61=$AF$1,_xlfn.XLOOKUP(LEFT(B61,18)&C61&D61,'Form CT'!I:I,'Form CT'!D:D,0)+_xlfn.XLOOKUP(LEFT(B61,18)&C61&D61,'Form CT'!I:I,'Form CT'!E:E,0),0) -> 0 | AG61: =IF(OR( AND(MID(B61,2,2)="59", VALUE(MID(B61,11,2))>24), AND(LEFT(B61,4)="T521", VALUE(MID(B61,11,2))>62), LEFT(B61,4)="T523" ), "符合", "不符合") -> 不符合 | AH61: =_xlfn.XLOOKUP(TRIM(CLEAN(B61))&"-"&TRIM(CLEAN(C61))&"-"&TRIM(CLEAN(D61)),'KS2'!A:A,'KS2'!B:B,0) -> 0 | AI61: =IF(_xlfn.XLOOKUP(MID(B61,2,7)&"/"&MID(B61,10,3)&TRIM(D61)&MID(B61,15,4),Carouselwash!F:F,Carouselwash!I:I,0)=0,_xlfn.XLOOKUP((MID(C61,2,7)&"/"&MID(C61,10,3)&TRIM(D61)),Carouselwash!G:G,Carouselwash!I:I,0),_xlfn.XLOOKUP(MID(B61,2,7)&"/"&MID(B61,10,3)&TRIM(D61)&MID(B61,15,4),Carouselwash!F:F,Carouselwash!I:I,0)) -> 3
A62: 2629QG17 | B62: T521X226M050ATE075 | C62: A521V116M050AS | D62: FTP200 | E62: 2026-07-28 | F62: 16300 | G62: 2026-08-06 | H62: 2026-09-01 | I62: T521X | J62: 2 | K62: 0 | L62: TZ.D20643194-001 | M62: 2017.1 | N62: Y | O62: 0.122 | P62: 0.18 | Q62: 0.047 | R62: 0.015 | S62: 35 | T62: 26 | U62: 18 | V62: X20113V3EP5 | W62: 32 | X62: 55689.84 | Y62: 16380 | Z62: Intransit | AA62: ,pull in | AB62: 3882481922-QTY:1530 | AC62: 3882481921 | AD62: =IF(N62=$AD$1,_xlfn.XLOOKUP(LEFT(B62,18)&C62&D62,'Form CT'!I:I,'Form CT'!D:D,0)+_xlfn.XLOOKUP(LEFT(B62,18)&C62&D62,'Form CT'!I:I,'Form CT'!E:E,0),0) -> 0 | AE62: =IF(N62=$AE$1,_xlfn.XLOOKUP(LEFT(B62,18)&C62&D62,'Form CT'!I:I,'Form CT'!D:D,0)+_xlfn.XLOOKUP(LEFT(B62,18)&C62&D62,'Form CT'!I:I,'Form CT'!E:E,0),0) -> 935.33899 | AF62: =IF(N62=$AF$1,_xlfn.XLOOKUP(LEFT(B62,18)&C62&D62,'Form CT'!I:I,'Form CT'!D:D,0)+_xlfn.XLOOKUP(LEFT(B62,18)&C62&D62,'Form CT'!I:I,'Form CT'!E:E,0),0) -> 0 | AG62: =IF(OR( AND(MID(B62,2,2)="59", VALUE(MID(B62,11,2))>24), AND(LEFT(B62,4)="T521", VALUE(MID(B62,11,2))>62), LEFT(B62,4)="T523" ), "符合", "不符合") -> 不符合 | AH62: =_xlfn.XLOOKUP(TRIM(CLEAN(B62))&"-"&TRIM(CLEAN(C62))&"-"&TRIM(CLEAN(D62)),'KS2'!A:A,'KS2'!B:B,0) -> 0 | AI62: =IF(_xlfn.XLOOKUP(MID(B62,2,7)&"/"&MID(B62,10,3)&TRIM(D62)&MID(B62,15,4),Carouselwash!F:F,Carouselwash!I:I,0)=0,_xlfn.XLOOKUP((MID(C62,2,7)&"/"&MID(C62,10,3)&TRIM(D62)),Carouselwash!G:G,Carouselwash!I:I,0),_xlfn.XLOOKUP(MID(B62,2,7)&"/"&MID(B62,10,3)&TRIM(D62)&MID(B62,15,4),Carouselwash!F:F,Carouselwash!I:I,0)) -> 2
... A65: 2628F957 | B65: T521D336M035ATE065 | C65: A521D336M035ASMHSP | D65: KBP44 | E65: 2026-07-29 | F65: 28800 | G65: 2026-07-30 | H65: 2026-08-22 | I65: D | J65: 4 | K65: 3 | L65: WIYJ35543191-005 | M65: 3440.1 | N65: P | O65: 0.128 | P65: 0.17 | Q65: 0.05 | R65: 0.015 | S65: 50 | T65: 32 | U65: 18 | V65: S13133SXMU3P | W65: 32 | X65: 40429.34 | Y65: 28800 | Z65: Intransit | AA65: ,pull in | AB65: 3882474805,3882474806-QTY:8460 | AC65: 3882474804 | AD65: =IF(N65=$AD$1,_xlfn.XLOOKUP(LEFT(B65,18)&C65&D65,'Form CT'!I:I,'Form CT'!D:D,0)+_xlfn.XLOOKUP(LEFT(B65,18)&C65&D65,'Form CT'!I:I,'Form CT'!E:E,0),0) -> 717.29287 | AE65: =IF(N65=$AE$1,_xlfn.XLOOKUP(LEFT(B65,18)&C65&D65,'Form CT'!I:I,'Form CT'!D:D,0)+_xlfn.XLOOKUP(LEFT(B65,18)&C65&D65,'Form CT'!I:I,'Form CT'!E:E,0),0) -> 0 | AF65: =IF(N65=$AF$1,_xlfn.XLOOKUP(LEFT(B65,18)&C65&D65,'Form CT'!I:I,'Form CT'!D:D,0)+_xlfn.XLOOKUP(LEFT(B65,18)&C65&D65,'Form CT'!I:I,'Form CT'!E:E,0),0) -> 0 | AG65: =IF(OR( AND(MID(B65,2,2)="59", VALUE(MID(B65,11,2))>24), AND(LEFT(B65,4)="T521", VALUE(MID(B65,11,2))>62), LEFT(B65,4)="T523" ), "符合", "不符合") -> 不符合 | AH65: =_xlfn.XLOOKUP(TRIM(CLEAN(B65))&"-"&TRIM(CLEAN(C65))&"-"&TRIM(CLEAN(D65)),'KS2'!A:A,'KS2'!B:B,0) -> 0 | AI65: =IF(_xlfn.XLOOKUP(MID(B65,2,7)&"/"&MID(B65,10,3)&TRIM(D65)&MID(B65,15,4),Carouselwash!F:F,Carouselwash!I:I,0)=0,_xlfn.XLOOKUP((MID(C65,2,7)&"/"&MID(C65,10,3)&TRIM(D65)),Carouselwash!G:G,Carouselwash!I:I,0),_xlfn.XLOOKUP(MID(B65,2,7)&"/"&MID(B65,10,3)&TRIM(D65)&MID(B65,15,4),Carouselwash!F:F,Carouselwash!I:I,0)) -> 3
A66: 2624K747 | B66: T521B106M025ATE100 | C66: A521B106M025ASE100 | D66: KBP52 | E66: 2026-07-28 | F66: 50760 | G66: 1900-01-01 | H66: 1900-01-01 | I66: B | J66: 6 | K66: 4 | L66: QNU07663A162-001 | M66: 758.5 | N66: P | O66: 0.084 | P66: 0.06 | Q66: 0.041 | R66: 0.0098 | S66: 60 | T66: 47 | U66: 18 | V66: S24143SXU3P | W66: 42 | X66: 40938.25 | Y66: 50760 | Z66: ANODE-KO | AA66: Manually | AB66: Manually | AD66: =IF(N66=$AD$1,_xlfn.XLOOKUP(LEFT(B66,18)&C66&D66,'Form CT'!I:I,'Form CT'!D:D,0)+_xlfn.XLOOKUP(LEFT(B66,18)&C66&D66,'Form CT'!I:I,'Form CT'!E:E,0),0) -> 664.0447 | AE66: =IF(N66=$AE$1,_xlfn.XLOOKUP(LEFT(B66,18)&C66&D66,'Form CT'!I:I,'Form CT'!D:D,0)+_xlfn.XLOOKUP(LEFT(B66,18)&C66&D66,'Form CT'!I:I,'Form CT'!E:E,0),0) -> 0 | AF66: =IF(N66=$AF$1,_xlfn.XLOOKUP(LEFT(B66,18)&C66&D66,'Form CT'!I:I,'Form CT'!D:D,0)+_xlfn.XLOOKUP(LEFT(B66,18)&C66&D66,'Form CT'!I:I,'Form CT'!E:E,0),0) -> 0 | AG66: =IF(OR( AND(MID(B66,2,2)="59", VALUE(MID(B66,11,2))>24), AND(LEFT(B66,4)="T521", VALUE(MID(B66,11,2))>62), LEFT(B66,4)="T523" ), "符合", "不符合") -> 不符合 | AH66: =_xlfn.XLOOKUP(TRIM(CLEAN(B66))&"-"&TRIM(CLEAN(C66))&"-"&TRIM(CLEAN(D66)),'KS2'!A:A,'KS2'!B:B,0) -> 0 | AI66: =IF(_xlfn.XLOOKUP(MID(B66,2,7)&"/"&MID(B66,10,3)&TRIM(D66)&MID(B66,15,4),Carouselwash!F:F,Carouselwash!I:I,0)=0,_xlfn.XLOOKUP((MID(C66,2,7)&"/"&MID(C66,10,3)&TRIM(D66)),Carouselwash!G:G,Carouselwash!I:I,0),_xlfn.XLOOKUP(MID(B66,2,7)&"/"&MID(B66,10,3)&TRIM(D66)&MID(B66,15,4),Carouselwash!F:F,Carouselwash!I:I,0)) -> 3
A67: 2629QI17 | B67: T521X226M050ATE075 | C67: A521V116M050AS | D67: FTP200 | E67: 2026-07-28 | F67: 16174 | G67: 2026-08-06 | H67: 2026-09-01 | I67: T521X | J67: 2 | K67: 0 | L67: TZ.D20643194-003 | M67: 2010.3 | N67: Y | O67: 0.122 | P67: 0.18 | Q67: 0.047 | R67: 0.015 | S67: 35 | T67: 26 | U67: 18 | V67: X20113V3EP5 | W67: 32 | X67: 55689.84 | Y67: 16380 | Z67: Intransit | AA67: ,pull in | AB67: 3882481923-QTY:2164 | AC67: 3882481922 | AD67: =IF(N67=$AD$1,_xlfn.XLOOKUP(LEFT(B67,18)&C67&D67,'Form CT'!I:I,'Form CT'!D:D,0)+_xlfn.XLOOKUP(LEFT(B67,18)&C67&D67,'Form CT'!I:I,'Form CT'!E:E,0),0) -> 0 | AE67: =IF(N67=$AE$1,_xlfn.XLOOKUP(LEFT(B67,18)&C67&D67,'Form CT'!I:I,'Form CT'!D:D,0)+_xlfn.XLOOKUP(LEFT(B67,18)&C67&D67,'Form CT'!I:I,'Form CT'!E:E,0),0) -> 935.33899 | AF67: =IF(N67=$AF$1,_xlfn.XLOOKUP(LEFT(B67,18)&C67&D67,'Form CT'!I:I,'Form CT'!D:D,0)+_xlfn.XLOOKUP(LEFT(B67,18)&C67&D67,'Form CT'!I:I,'Form CT'!E:E,0),0) -> 0 | AG67: =IF(OR( AND(MID(B67,2,2)="59", VALUE(MID(B67,11,2))>24), AND(LEFT(B67,4)="T521", VALUE(MID(B67,11,2))>62), LEFT(B67,4)="T523" ), "符合", "不符合") -> 不符合 | AH67: =_xlfn.XLOOKUP(TRIM(CLEAN(B67))&"-"&TRIM(CLEAN(C67))&"-"&TRIM(CLEAN(D67)),'KS2'!A:A,'KS2'!B:B,0) -> 0 | AI67: =IF(_xlfn.XLOOKUP(MID(B67,2,7)&"/"&MID(B67,10,3)&TRIM(D67)&MID(B67,15,4),Carouselwash!F:F,Carouselwash!I:I,0)=0,_xlfn.XLOOKUP((MID(C67,2,7)&"/"&MID(C67,10,3)&TRIM(D67)),Carouselwash!G:G,Carouselwash!I:I,0),_xlfn.XLOOKUP(MID(B67,2,7)&"/"&MID(B67,10,3)&TRIM(D67)&MID(B67,15,4),Carouselwash!F:F,Carouselwash!I:I,0)) -> 2
A68: 2629KP27 | B68: T598B107M006AT4775 | C68: A598B157M006AS | D68: STA156KA | E68: 2026-07-28 | F68: 50760 | G68: 2026-07-23 | H68: 2026-08-22 | I68: T59B | J68: 9 | K68: 5 | L68: Q4422264D195-001 | M68: 2295.6 | N68: P | O68: 0.089 | P68: 0.054 | Q68: 0.041 | R68: 0.0118 | S68: 60 | T68: 47 | U68: 18 | V68: S45103SXMU2P | W68: 42 | X68: 53573.38 | Y68: 50760 | Z68: Intransit | AA68: fixed,pass due,push out | AB68: PN1:T598B107M006AT4775-StartDate:2026-07-23-QTY:27568_x000D_ ,PN:T598B107M006ATE045-StartDate:2026-07-31-QTY:23192-OrderNo:3882559287,pass due | AC68: 3882398057 | AD68: =IF(N68=$AD$1,_xlfn.XLOOKUP(LEFT(B68,18)&C68&D68,'Form CT'!I:I,'Form CT'!D:D,0)+_xlfn.XLOOKUP(LEFT(B68,18)&C68&D68,'Form CT'!I:I,'Form CT'!E:E,0),0) -> 919.90858 | AE68: =IF(N68=$AE$1,_xlfn.XLOOKUP(LEFT(B68,18)&C68&D68,'Form CT'!I:I,'Form CT'!D:D,0)+_xlfn.XLOOKUP(LEFT(B68,18)&C68&D68,'Form CT'!I:I,'Form CT'!E:E,0),0) -> 0 | AF68: =IF(N68=$AF$1,_xlfn.XLOOKUP(LEFT(B68,18)&C68&D68,'Form CT'!I:I,'Form CT'!D:D,0)+_xlfn.XLOOKUP(LEFT(B68,18)&C68&D68,'Form CT'!I:I,'Form CT'!E:E,0),0) -> 0 | AG68: =IF(OR( AND(MID(B68,2,2)="59", VALUE(MID(B68,11,2))>24), AND(LEFT(B68,4)="T521", VALUE(MID(B68,11,2))>62), LEFT(B68,4)="T523" ), "符合", "不符合") -> 不符合 | AH68: =_xlfn.XLOOKUP(TRIM(CLEAN(B68))&"-"&TRIM(CLEAN(C68))&"-"&TRIM(CLEAN(D68)),'KS2'!A:A,'KS2'!B:B,0) -> 0 | AI68: =IF(_xlfn.XLOOKUP(MID(B68,2,7)&"/"&MID(B68,10,3)&TRIM(D68)&MID(B68,15,4),Carouselwash!F:F,Carouselwash!I:I,0)=0,_xlfn.XLOOKUP((MID(C68,2,7)&"/"&MID(C68,10,3)&TRIM(D68)),Carouselwash!G:G,Carouselwash!I:I,0),_xlfn.XLOOKUP(MID(B68,2,7)&"/"&MID(B68,10,3)&TRIM(D68)&MID(B68,15,4),Carouselwash!F:F,Carouselwash!I:I,0)) -> 3
A69: 2627OT37 | B69: T521T336M018APE0557659 | C69: A521T336M018ASTR01 | D69: FTW121KE | E69: 2026-07-28 | F69: 49180 | G69: 2026-07-28 | H69: 2026-08-19 | I69: T-A42 | J69: 10 | K69: 5 | L69: QOGQ1454A182-006 | M69: 1484.7 | N69: P | O69: 0.094 | P69: 0.076 | Q69: 0.0203 | R69: 0.0098 | S69: 60 | T69: 47 | U69: 18 | V69: S55152IXU2P | W69: 42 | X69: 66066.73 | Y69: 50760 | Z69: ANODE-KO | AA69: fixed,pull in | AC69: 3882421911 | AD69: =IF(N69=$AD$1,_xlfn.XLOOKUP(LEFT(B69,18)&C69&D69,'Form CT'!I:I,'Form CT'!D:D,0)+_xlfn.XLOOKUP(LEFT(B69,18)&C69&D69,'Form CT'!I:I,'Form CT'!E:E,0),0) -> 770.01657 | AE69: =IF(N69=$AE$1,_xlfn.XLOOKUP(LEFT(B69,18)&C69&D69,'Form CT'!I:I,'Form CT'!D:D,0)+_xlfn.XLOOKUP(LEFT(B69,18)&C69&D69,'Form CT'!I:I,'Form CT'!E:E,0),0) -> 0 | AF69: =IF(N69=$AF$1,_xlfn.XLOOKUP(LEFT(B69,18)&C69&D69,'Form CT'!I:I,'Form CT'!D:D,0)+_xlfn.XLOOKUP(LEFT(B69,18)&C69&D69,'Form CT'!I:I,'Form CT'!E:E,0),0) -> 0 | AG69: =IF(OR( AND(MID(B69,2,2)="59", VALUE(MID(B69,11,2))>24), AND(LEFT(B69,4)="T521", VALUE(MID(B69,11,2))>62), LEFT(B69,4)="T523" ), "符合", "不符合") -> 不符合 | AH69: =_xlfn.XLOOKUP(TRIM(CLEAN(B69))&"-"&TRIM(CLEAN(C69))&"-"&TRIM(CLEAN(D69)),'KS2'!A:A,'KS2'!B:B,0) -> 0 | AI69: =IF(_xlfn.XLOOKUP(MID(B69,2,7)&"/"&MID(B69,10,3)&TRIM(D69)&MID(B69,15,4),Carouselwash!F:F,Carouselwash!I:I,0)=0,_xlfn.XLOOKUP((MID(C69,2,7)&"/"&MID(C69,10,3)&TRIM(D69)),Carouselwash!G:G,Carouselwash!I:I,0),_xlfn.XLOOKUP(MID(B69,2,7)&"/"&MID(B69,10,3)&TRIM(D69)&MID(B69,15,4),Carouselwash!F:F,Carouselwash!I:I,0)) -> 3
A70: 2627IE47 | B70: T521T336M018APE0557659 | C70: A521T336M018ASTR01 | D70: FTW121KE | E70: 2026-07-28 | F70: 50760 | G70: 2026-07-28 | H70: 2026-08-19 | I70: T-A42 | J70: 10 | K70: 5 | L70: QOGQ1454A183-038 | M70: 1392.4 | N70: P | O70: 0.094 | P70: 0.076 | Q70: 0.0203 | R70: 0.0098 | S70: 60 | T70: 47 | U70: 18 | V70: S55152IXU2P | W70: 42 | X70: 66066.73 | Y70: 50760 | Z70: ANODE-KO | AA70: fixed,pull in | AC70: 3882421911 | AD70: =IF(N70=$AD$1,_xlfn.XLOOKUP(LEFT(B70,18)&C70&D70,'Form CT'!I:I,'Form CT'!D:D,0)+_xlfn.XLOOKUP(LEFT(B70,18)&C70&D70,'Form CT'!I:I,'Form CT'!E:E,0),0) -> 770.01657 | AE70: =IF(N70=$AE$1,_xlfn.XLOOKUP(LEFT(B70,18)&C70&D70,'Form CT'!I:I,'Form CT'!D:D,0)+_xlfn.XLOOKUP(LEFT(B70,18)&C70&D70,'Form CT'!I:I,'Form CT'!E:E,0),0) -> 0 | AF70: =IF(N70=$AF$1,_xlfn.XLOOKUP(LEFT(B70,18)&C70&D70,'Form CT'!I:I,'Form CT'!D:D,0)+_xlfn.XLOOKUP(LEFT(B70,18)&C70&D70,'Form CT'!I:I,'Form CT'!E:E,0),0) -> 0 | AG70: =IF(OR( AND(MID(B70,2,2)="59", VALUE(MID(B70,11,2))>24), AND(LEFT(B70,4)="T521", VALUE(MID(B70,11,2))>62), LEFT(B70,4)="T523" ), "符合", "不符合") -> 不符合 | AH70: =_xlfn.XLOOKUP(TRIM(CLEAN(B70))&"-"&TRIM(CLEAN(C70))&"-"&TRIM(CLEAN(D70)),'KS2'!A:A,'KS2'!B:B,0) -> 0 | AI70: =IF(_xlfn.XLOOKUP(MID(B70,2,7)&"/"&MID(B70,10,3)&TRIM(D70)&MID(B70,15,4),Carouselwash!F:F,Carouselwash!I:I,0)=0,_xlfn.XLOOKUP((MID(C70,2,7)&"/"&MID(C70,10,3)&TRIM(D70)),Carouselwash!G:G,Carouselwash!I:I,0),_xlfn.XLOOKUP(MID(B70,2,7)&"/"&MID(B70,10,3)&TRIM(D70)&MID(B70,15,4),Carouselwash!F:F,Carouselwash!I:I,0)) -> 3
A71: 2626JY37 | B71: T521D107M025ATE0407280 | C71: A521D107M025ASALT2 | D71: FTW503 | E71: 2026-07-28 | F71: 28900 | G71: 2026-07-25 | H71: 2026-08-17 | I71: D | J71: 6 | K71: 4 | L71: WIJ+55043175-013 | M71: 5547.3 | N71: P | O71: 0.128 | P71: 0.17 | Q71: 0.064 | R71: 0.015 | S71: 50 | T71: 32 | U71: 18 | V71: S24143SXU3P | W71: 32 | X71: 34184.05 | Y71: 28800 | Z71: ANODE-KO | AA71: fixed,TopRunners,push out | AB71: pass due | AC71: 3882468229 | AD71: =IF(N71=$AD$1,_xlfn.XLOOKUP(LEFT(B71,18)&C71&D71,'Form CT'!I:I,'Form CT'!D:D,0)+_xlfn.XLOOKUP(LEFT(B71,18)&C71&D71,'Form CT'!I:I,'Form CT'!E:E,0),0) -> 582.32677 | AE71: =IF(N71=$AE$1,_xlfn.XLOOKUP(LEFT(B71,18)&C71&D71,'Form CT'!I:I,'Form CT'!D:D,0)+_xlfn.XLOOKUP(LEFT(B71,18)&C71&D71,'Form CT'!I:I,'Form CT'!E:E,0),0) -> 0 | AF71: =IF(N71=$AF$1,_xlfn.XLOOKUP(LEFT(B71,18)&C71&D71,'Form CT'!I:I,'Form CT'!D:D,0)+_xlfn.XLOOKUP(LEFT(B71,18)&C71&D71,'Form CT'!I:I,'Form CT'!E:E,0),0) -> 0 | AG71: =IF(OR( AND(MID(B71,2,2)="59", VALUE(MID(B71,11,2))>24), AND(LEFT(B71,4)="T521", VALUE(MID(B71,11,2))>62), LEFT(B71,4)="T523" ), "符合", "不符合") -> 不符合 | AH71: =_xlfn.XLOOKUP(TRIM(CLEAN(B71))&"-"&TRIM(CLEAN(C71))&"-"&TRIM(CLEAN(D71)),'KS2'!A:A,'KS2'!B:B,0) -> 0 | AI71: =IF(_xlfn.XLOOKUP(MID(B71,2,7)&"/"&MID(B71,10,3)&TRIM(D71)&MID(B71,15,4),Carouselwash!F:F,Carouselwash!I:I,0)=0,_xlfn.XLOOKUP((MID(C71,2,7)&"/"&MID(C71,10,3)&TRIM(D71)),Carouselwash!G:G,Carouselwash!I:I,0),_xlfn.XLOOKUP(MID(B71,2,7)&"/"&MID(B71,10,3)&TRIM(D71)&MID(B71,15,4),Carouselwash!F:F,Carouselwash!I:I,0)) -> 3
A72: 2628F157 | B72: T521D227M016ATE050 | C72: A521D227M016AS | D72: FTW102K | E72: 2026-07-28 | F72: 16372 | G72: 2026-07-30 | H72: 2026-08-22 | I72: D | J72: 8 | K72: 4 | L72: WI6$80143191-008 | M72: 8472.7 | N72: P | O72: 0.128 | P72: 0.17 | Q72: 0.05 | R72: 0.015 | S72: 35 | T72: 26 | U72: 18 | V72: S44143SXDU2P | W72: 32 | X72: 41186.27 | Y72: 16380 | Z72: ANODE-KO | AA72: ,pull in | AB72: 3882466555-QTY:15937 | AC72: 3882466554 | AD72: =IF(N72=$AD$1,_xlfn.XLOOKUP(LEFT(B72,18)&C72&D72,'Form CT'!I:I,'Form CT'!D:D,0)+_xlfn.XLOOKUP(LEFT(B72,18)&C72&D72,'Form CT'!I:I,'Form CT'!E:E,0),0) -> 669.49165 | AE72: =IF(N72=$AE$1,_xlfn.XLOOKUP(LEFT(B72,18)&C72&D72,'Form CT'!I:I,'Form CT'!D:D,0)+_xlfn.XLOOKUP(LEFT(B72,18)&C72&D72,'Form CT'!I:I,'Form CT'!E:E,0),0) -> 0 | AF72: =IF(N72=$AF$1,_xlfn.XLOOKUP(LEFT(B72,18)&C72&D72,'Form CT'!I:I,'Form CT'!D:D,0)+_xlfn.XLOOKUP(LEFT(B72,18)&C72&D72,'Form CT'!I:I,'Form CT'!E:E,0),0) -> 0 | AG72: =IF(OR( AND(MID(B72,2,2)="59", VALUE(MID(B72,11,2))>24), AND(LEFT(B72,4)="T521", VALUE(MID(B72,11,2))>62), LEFT(B72,4)="T523" ), "符合", "不符合") -> 不符合 | AH72: =_xlfn.XLOOKUP(TRIM(CLEAN(B72))&"-"&TRIM(CLEAN(C72))&"-"&TRIM(CLEAN(D72)),'KS2'!A:A,'KS2'!B:B,0) -> 0 | AI72: =IF(_xlfn.XLOOKUP(MID(B72,2,7)&"/"&MID(B72,10,3)&TRIM(D72)&MID(B72,15,4),Carouselwash!F:F,Carouselwash!I:I,0)=0,_xlfn.XLOOKUP((MID(C72,2,7)&"/"&MID(C72,10,3)&TRIM(D72)),Carouselwash!G:G,Carouselwash!I:I,0),_xlfn.XLOOKUP(MID(B72,2,7)&"/"&MID(B72,10,3)&TRIM(D72)&MID(B72,15,4),Carouselwash!F:F,Carouselwash!I:I,0)) -> 3
A73: 2627K447 | B73: T523W476M035APE1007723 | C73: A523W476M035ASE100 | D73: S706 | E73: 2026-07-28 | F73: 23400 | G73: 2026-07-27 | H73: 2026-08-26 | I73: T523W | J73: 3 | K73: 0 | L73: WCU245343183-016 | M73: 4502.5 | N73: Y | O73: 0.14 | P73: 0.21 | Q73: 0.032 | R73: 0.015 | S73: 50 | T73: 26 | U73: 18 | V73: D30123BP7 | W73: 32 | X73: 69156.48 | Y73: 23400 | Z73: ANODE-KO | AA73: fixed,pass due | AB73: 3882487199-QTY:14432,pass due | AC73: 3882487198 | AD73: =IF(N73=$AD$1,_xlfn.XLOOKUP(LEFT(B73,18)&C73&D73,'Form CT'!I:I,'Form CT'!D:D,0)+_xlfn.XLOOKUP(LEFT(B73,18)&C73&D73,'Form CT'!I:I,'Form CT'!E:E,0),0) -> 0 | AE73: =IF(N73=$AE$1,_xlfn.XLOOKUP(LEFT(B73,18)&C73&D73,'Form CT'!I:I,'Form CT'!D:D,0)+_xlfn.XLOOKUP(LEFT(B73,18)&C73&D73,'Form CT'!I:I,'Form CT'!E:E,0),0) -> 1148.7496 | AF73: =IF(N73=$AF$1,_xlfn.XLOOKUP(LEFT(B73,18)&C73&D73,'Form CT'!I:I,'Form CT'!D:D,0)+_xlfn.XLOOKUP(LEFT(B73,18)&C73&D73,'Form CT'!I:I,'Form CT'!E:E,0),0) -> 0 | AG73: =IF(OR( AND(MID(B73,2,2)="59", VALUE(MID(B73,11,2))>24), AND(LEFT(B73,4)="T521", VALUE(MID(B73,11,2))>62), LEFT(B73,4)="T523" ), "符合", "不符合") -> 符合 | AH73: =_xlfn.XLOOKUP(TRIM(CLEAN(B73))&"-"&TRIM(CLEAN(C73))&"-"&TRIM(CLEAN(D73)),'KS2'!A:A,'KS2'!B:B,0) -> 5 | AI73: =IF(_xlfn.XLOOKUP(MID(B73,2,7)&"/"&MID(B73,10,3)&TRIM(D73)&MID(B73,15,4),Carouselwash!F:F,Carouselwash!I:I,0)=0,_xlfn.XLOOKUP((MID(C73,2,7)&"/"&MID(C73,10,3)&TRIM(D73)),Carouselwash!G:G,Carouselwash!I:I,0),_xlfn.XLOOKUP(MID(B73,2,7)&"/"&MID(B73,10,3)&TRIM(D73)&MID(B73,15,4),Carouselwash!F:F,Carouselwash!I:I,0)) -> 4
A74: 2628H967 | B74: T530X158M2R5ATE005 | C74: A530V477M2R5ASE005 | D74: KBP76 | E74: 2026-07-28 | F74: 33300 | G74: 2026-07-27 | H74: 2026-08-22 | I74: T530X | J74: 14 | K74: 9 | L74: XLR.44549191-005 | M74: 4493 | N74: P | O74: 0.128 | P74: 0.185 | Q74: 0.032 | R74: 0.0193 | S74: 50 | T74: 37 | U74: 18 | V74: S59113SJ | W74: 32 | X74: 20664.46 | Y74: 33300 | Z74: ANODE-KO | AA74: fixed,TopRunners | AB74: pass due | AC74: 3882502044 | AD74: =IF(N74=$AD$1,_xlfn.XLOOKUP(LEFT(B74,18)&C74&D74,'Form CT'!I:I,'Form CT'!D:D,0)+_xlfn.XLOOKUP(LEFT(B74,18)&C74&D74,'Form CT'!I:I,'Form CT'!E:E,0),0) -> 334.29227 | AE74: =IF(N74=$AE$1,_xlfn.XLOOKUP(LEFT(B74,18)&C74&D74,'Form CT'!I:I,'Form CT'!D:D,0)+_xlfn.XLOOKUP(LEFT(B74,18)&C74&D74,'Form CT'!I:I,'Form CT'!E:E,0),0) -> 0 | AF74: =IF(N74=$AF$1,_xlfn.XLOOKUP(LEFT(B74,18)&C74&D74,'Form CT'!I:I,'Form CT'!D:D,0)+_xlfn.XLOOKUP(LEFT(B74,18)&C74&D74,'Form CT'!I:I,'Form CT'!E:E,0),0) -> 0 | AG74: =IF(OR( AND(MID(B74,2,2)="59", VALUE(MID(B74,11,2))>24), AND(LEFT(B74,4)="T521", VALUE(MID(B74,11,2))>62), LEFT(B74,4)="T523" ), "符合", "不符合") -> #VALUE! | AH74: =_xlfn.XLOOKUP(TRIM(CLEAN(B74))&"-"&TRIM(CLEAN(C74))&"-"&TRIM(CLEAN(D74)),'KS2'!A:A,'KS2'!B:B,0) -> 0 | AI74: =IF(_xlfn.XLOOKUP(MID(B74,2,7)&"/"&MID(B74,10,3)&TRIM(D74)&MID(B74,15,4),Carouselwash!F:F,Carouselwash!I:I,0)=0,_xlfn.XLOOKUP((MID(C74,2,7)&"/"&MID(C74,10,3)&TRIM(D74)),Carouselwash!G:G,Carouselwash!I:I,0),_xlfn.XLOOKUP(MID(B74,2,7)&"/"&MID(B74,10,3)&TRIM(D74)&MID(B74,15,4),Carouselwash!F:F,Carouselwash!I:I,0)) -> 3
A75: 2625JX37 | B75: T521V107M020ATE055 | C75: A521V107M020ASMH01 | D75: KBP86 | E75: 2026-07-28 | F75: 33300 | G75: 2026-07-25 | H75: 2026-08-19 | I75: T59V | J75: 7 | K75: 4 | L75: XLKZ5344D168-012 | M75: 5490.2 | N75: P | O75: 0.128 | P75: 0.185 | Q75: 0.033 | R75: 0.0118 | S75: 50 | T75: 37 | U75: 18 | V75: S34153SXU2P | W75: 32 | X75: 35070.43 | Y75: 33300 | Z75: ANODE-KO | AA75: fixed,pass due,push out | AB75: 3882477149-QTY:18546,pass due | AC75: 3882477148 | AD75: =IF(N75=$AD$1,_xlfn.XLOOKUP(LEFT(B75,18)&C75&D75,'Form CT'!I:I,'Form CT'!D:D,0)+_xlfn.XLOOKUP(LEFT(B75,18)&C75&D75,'Form CT'!I:I,'Form CT'!E:E,0),0) -> 581.43039 | AE75: =IF(N75=$AE$1,_xlfn.XLOOKUP(LEFT(B75,18)&C75&D75,'Form CT'!I:I,'Form CT'!D:D,0)+_xlfn.XLOOKUP(LEFT(B75,18)&C75&D75,'Form CT'!I:I,'Form CT'!E:E,0),0) -> 0 | AF75: =IF(N75=$AF$1,_xlfn.XLOOKUP(LEFT(B75,18)&C75&D75,'Form CT'!I:I,'Form CT'!D:D,0)+_xlfn.XLOOKUP(LEFT(B75,18)&C75&D75,'Form CT'!I:I,'Form CT'!E:E,0),0) -> 0 | AG75: =IF(OR( AND(MID(B75,2,2)="59", VALUE(MID(B75,11,2))>24), AND(LEFT(B75,4)="T521", VALUE(MID(B75,11,2))>62), LEFT(B75,4)="T523" ), "符合", "不符合") -> 不符合 | AH75: =_xlfn.XLOOKUP(TRIM(CLEAN(B75))&"-"&TRIM(CLEAN(C75))&"-"&TRIM(CLEAN(D75)),'KS2'!A:A,'KS2'!B:B,0) -> 0 | AI75: =IF(_xlfn.XLOOKUP(MID(B75,2,7)&"/"&MID(B75,10,3)&TRIM(D75)&MID(B75,15,4),Carouselwash!F:F,Carouselwash!I:I,0)=0,_xlfn.XLOOKUP((MID(C75,2,7)&"/"&MID(C75,10,3)&TRIM(D75)),Carouselwash!G:G,Carouselwash!I:I,0),_xlfn.XLOOKUP(MID(B75,2,7)&"/"&MID(B75,10,3)&TRIM(D75)&MID(B75,15,4),Carouselwash!F:F,Carouselwash!I:I,0)) -> 3
A76: 2629KA47 | B76: T521B156M025ATE100 | C76: A521B156M025ASMHSP | D76: KBP76 | E76: 2026-07-28 | F76: 50682 | G76: 2026-08-08 | H76: 2026-08-26 | I76: B | J76: 6 | K76: 4 | L76: QMO+1354A197-005 | M76: 1326.4 | N76: P | O76: 0.089 | P76: 0.064 | Q76: 0.041 | R76: 0.0098 | S76: 60 | T76: 47 | U76: 18 | V76: S24143SXU3P | W76: 42 | X76: 36502.04 | Y76: 50760 | Z76: Intransit | AA76: ,pull in | AB76: 3882460757-QTY:14682 | AC76: 3882460756 | AD76: =IF(N76=$AD$1,_xlfn.XLOOKUP(LEFT(B76,18)&C76&D76,'Form CT'!I:I,'Form CT'!D:D,0)+_xlfn.XLOOKUP(LEFT(B76,18)&C76&D76,'Form CT'!I:I,'Form CT'!E:E,0),0) -> 613.26545 | AE76: =IF(N76=$AE$1,_xlfn.XLOOKUP(LEFT(B76,18)&C76&D76,'Form CT'!I:I,'Form CT'!D:D,0)+_xlfn.XLOOKUP(LEFT(B76,18)&C76&D76,'Form CT'!I:I,'Form CT'!E:E,0),0) -> 0 | AF76: =IF(N76=$AF$1,_xlfn.XLOOKUP(LEFT(B76,18)&C76&D76,'Form CT'!I:I,'Form CT'!D:D,0)+_xlfn.XLOOKUP(LEFT(B76,18)&C76&D76,'Form CT'!I:I,'Form CT'!E:E,0),0) -> 0 | AG76: =IF(OR( AND(MID(B76,2,2)="59", VALUE(MID(B76,11,2))>24), AND(LEFT(B76,4)="T521", VALUE(MID(B76,11,2))>62), LEFT(B76,4)="T523" ), "符合", "不符合") -> 不符合 | AH76: =_xlfn.XLOOKUP(TRIM(CLEAN(B76))&"-"&TRIM(CLEAN(C76))&"-"&TRIM(CLEAN(D76)),'KS2'!A:A,'KS2'!B:B,0) -> 0 | AI76: =IF(_xlfn.XLOOKUP(MID(B76,2,7)&"/"&MID(B76,10,3)&TRIM(D76)&MID(B76,15,4),Carouselwash!F:F,Carouselwash!I:I,0)=0,_xlfn.XLOOKUP((MID(C76,2,7)&"/"&MID(C76,10,3)&TRIM(D76)),Carouselwash!G:G,Carouselwash!I:I,0),_xlfn.XLOOKUP(MID(B76,2,7)&"/"&MID(B76,10,3)&TRIM(D76)&MID(B76,15,4),Carouselwash!F:F,Carouselwash!I:I,0)) -> 3
A77: 2628LB67 | B77: T598B107M006ATE045 | C77: A598B157M006AS | D77: STA156KA | E77: 2026-07-28 | F77: 50760 | G77: 2026-07-31 | H77: 2026-08-30 | I77: T59B | J77: 9 | K77: 5 | L77: Q4422264D191-007 | M77: 2250 | N77: P | O77: 0.089 | P77: 0.054 | Q77: 0.041 | R77: 0.0118 | S77: 60 | T77: 47 | U77: 18 | V77: S45103SXMU2P | W77: 42 | X77: 53135.27 | Y77: 50760 | Z77: Intransit | AA77: ,pull in | AB77: 3882559290-QTY:23192 | AC77: 3882559289 | AD77: =IF(N77=$AD$1,_xlfn.XLOOKUP(LEFT(B77,18)&C77&D77,'Form CT'!I:I,'Form CT'!D:D,0)+_xlfn.XLOOKUP(LEFT(B77,18)&C77&D77,'Form CT'!I:I,'Form CT'!E:E,0),0) -> 869.81819 | AE77: =IF(N77=$AE$1,_xlfn.XLOOKUP(LEFT(B77,18)&C77&D77,'Form CT'!I:I,'Form CT'!D:D,0)+_xlfn.XLOOKUP(LEFT(B77,18)&C77&D77,'Form CT'!I:I,'Form CT'!E:E,0),0) -> 0 | AF77: =IF(N77=$AF$1,_xlfn.XLOOKUP(LEFT(B77,18)&C77&D77,'Form CT'!I:I,'Form CT'!D:D,0)+_xlfn.XLOOKUP(LEFT(B77,18)&C77&D77,'Form CT'!I:I,'Form CT'!E:E,0),0) -> 0 | AG77: =IF(OR( AND(MID(B77,2,2)="59", VALUE(MID(B77,11,2))>24), AND(LEFT(B77,4)="T521", VALUE(MID(B77,11,2))>62), LEFT(B77,4)="T523" ), "符合", "不符合") -> 不符合 | AH77: =_xlfn.XLOOKUP(TRIM(CLEAN(B77))&"-"&TRIM(CLEAN(C77))&"-"&TRIM(CLEAN(D77)),'KS2'!A:A,'KS2'!B:B,0) -> 0 | AI77: =IF(_xlfn.XLOOKUP(MID(B77,2,7)&"/"&MID(B77,10,3)&TRIM(D77)&MID(B77,15,4),Carouselwash!F:F,Carouselwash!I:I,0)=0,_xlfn.XLOOKUP((MID(C77,2,7)&"/"&MID(C77,10,3)&TRIM(D77)),Carouselwash!G:G,Carouselwash!I:I,0),_xlfn.XLOOKUP(MID(B77,2,7)&"/"&MID(B77,10,3)&TRIM(D77)&MID(B77,15,4),Carouselwash!F:F,Carouselwash!I:I,0)) -> 3
A78: 2627SW27 | B78: T523H107M035APE0707729 | C78: A523H107M035ASSZ02 | D78: S706 | E78: 2026-07-28 | F78: 8356 | G78: 2026-08-12 | H78: 2026-09-12 | I78: T523H | J78: 3 | K78: 0 | L78: XZFI8204D181-017 | M78: 8064.2 | N78: Y | O78: 0.206 | P78: 0.216 | Q78: 0.041 | R78: 0.0118 | S78: 35 | T78: 22 | U78: 18 | V78: S30123BP9 | W78: 32 | X78: 70015.25 | Y78: 13860 | Z78: ANODE-KO | AA78: ,pull in | AC78: 3882415203 | AD78: =IF(N78=$AD$1,_xlfn.XLOOKUP(LEFT(B78,18)&C78&D78,'Form CT'!I:I,'Form CT'!D:D,0)+_xlfn.XLOOKUP(LEFT(B78,18)&C78&D78,'Form CT'!I:I,'Form CT'!E:E,0),0) -> 0 | AE78: =IF(N78=$AE$1,_xlfn.XLOOKUP(LEFT(B78,18)&C78&D78,'Form CT'!I:I,'Form CT'!D:D,0)+_xlfn.XLOOKUP(LEFT(B78,18)&C78&D78,'Form CT'!I:I,'Form CT'!E:E,0),0) -> 1135.8833 | AF78: =IF(N78=$AF$1,_xlfn.XLOOKUP(LEFT(B78,18)&C78&D78,'Form CT'!I:I,'Form CT'!D:D,0)+_xlfn.XLOOKUP(LEFT(B78,18)&C78&D78,'Form CT'!I:I,'Form CT'!E:E,0),0) -> 0 | AG78: =IF(OR( AND(MID(B78,2,2)="59", VALUE(MID(B78,11,2))>24), AND(LEFT(B78,4)="T521", VALUE(MID(B78,11,2))>62), LEFT(B78,4)="T523" ), "符合", "不符合") -> 符合 | AH78: =_xlfn.XLOOKUP(TRIM(CLEAN(B78))&"-"&TRIM(CLEAN(C78))&"-"&TRIM(CLEAN(D78)),'KS2'!A:A,'KS2'!B:B,0) -> 7 | AI78: =IF(_xlfn.XLOOKUP(MID(B78,2,7)&"/"&MID(B78,10,3)&TRIM(D78)&MID(B78,15,4),Carouselwash!F:F,Carouselwash!I:I,0)=0,_xlfn.XLOOKUP((MID(C78,2,7)&"/"&MID(C78,10,3)&TRIM(D78)),Carouselwash!G:G,Carouselwash!I:I,0),_xlfn.XLOOKUP(MID(B78,2,7)&"/"&MID(B78,10,3)&TRIM(D78)&MID(B78,15,4),Carouselwash!F:F,Carouselwash!I:I,0)) -> 3
A79: 2628GB27 | B79: T520T476M006ATE070 | C79: A520T476M006ASE070 | D79: KBP86 | E79: 2026-07-28 | F79: 51217 | G79: 2026-07-31 | H79: 2026-08-22 | I79: T | J79: 9 | K79: 6 | L79: QP6-9003A188-001 | M79: 864.9 | N79: NGZ | O79: 0.094 | P79: 0.07 | Q79: 0.019 | R79: 0.0098 | S79: 60 | T79: 47 | U79: 18 | V79: S36112XSCP | W79: 42 | X79: 27240.4 | Y79: 50760 | Z79: ANODE-KO | AA79: ,pull in | AB79: 3882448808,3882448809 | AC79: 3882448807 | AD79: =IF(N79=$AD$1,_xlfn.XLOOKUP(LEFT(B79,18)&C79&D79,'Form CT'!I:I,'Form CT'!D:D,0)+_xlfn.XLOOKUP(LEFT(B79,18)&C79&D79,'Form CT'!I:I,'Form CT'!E:E,0),0) -> 0 | AE79: =IF(N79=$AE$1,_xlfn.XLOOKUP(LEFT(B79,18)&C79&D79,'Form CT'!I:I,'Form CT'!D:D,0)+_xlfn.XLOOKUP(LEFT(B79,18)&C79&D79,'Form CT'!I:I,'Form CT'!E:E,0),0) -> 0 | AF79: =IF(N79=$AF$1,_xlfn.XLOOKUP(LEFT(B79,18)&C79&D79,'Form CT'!I:I,'Form CT'!D:D,0)+_xlfn.XLOOKUP(LEFT(B79,18)&C79&D79,'Form CT'!I:I,'Form CT'!E:E,0),0) -> 477.1793 | AG79: =IF(OR( AND(MID(B79,2,2)="59", VALUE(MID(B79,11,2))>24), AND(LEFT(B79,4)="T521", VALUE(MID(B79,11,2))>62), LEFT(B79,4)="T523" ), "符合", "不符合") -> 不符合 | AH79: =_xlfn.XLOOKUP(TRIM(CLEAN(B79))&"-"&TRIM(CLEAN(C79))&"-"&TRIM(CLEAN(D79)),'KS2'!A:A,'KS2'!B:B,0) -> 0 | AI79: =IF(_xlfn.XLOOKUP(MID(B79,2,7)&"/"&MID(B79,10,3)&TRIM(D79)&MID(B79,15,4),Carouselwash!F:F,Carouselwash!I:I,0)=0,_xlfn.XLOOKUP((MID(C79,2,7)&"/"&MID(C79,10,3)&TRIM(D79)),Carouselwash!G:G,Carouselwash!I:I,0),_xlfn.XLOOKUP(MID(B79,2,7)&"/"&MID(B79,10,3)&TRIM(D79)&MID(B79,15,4),Carouselwash!F:F,Carouselwash!I:I,0)) -> 3
A80: 2626J117 | B80: T521D107M025ATE0407280 | C80: A521D107M025ASALT2 | D80: FTW503 | E80: 2026-07-28 | F80: 28822 | G80: 2026-07-25 | H80: 2026-08-17 | I80: D | J80: 6 | K80: 4 | L80: WIJ+55043173-017 | M80: 5598.1 | N80: P | O80: 0.128 | P80: 0.17 | Q80: 0.064 | R80: 0.015 | S80: 50 | T80: 32 | U80: 18 | V80: S24143SXU3P | W80: 32 | X80: 34184.05 | Y80: 28800 | Z80: ANODE-KO | AA80: fixed,TopRunners,push out | AB80: pass due | AC80: 3882468227 | AD80: =IF(N80=$AD$1,_xlfn.XLOOKUP(LEFT(B80,18)&C80&D80,'Form CT'!I:I,'Form CT'!D:D,0)+_xlfn.XLOOKUP(LEFT(B80,18)&C80&D80,'Form CT'!I:I,'Form CT'!E:E,0),0) -> 582.32677 | AE80: =IF(N80=$AE$1,_xlfn.XLOOKUP(LEFT(B80,18)&C80&D80,'Form CT'!I:I,'Form CT'!D:D,0)+_xlfn.XLOOKUP(LEFT(B80,18)&C80&D80,'Form CT'!I:I,'Form CT'!E:E,0),0) -> 0 | AF80: =IF(N80=$AF$1,_xlfn.XLOOKUP(LEFT(B80,18)&C80&D80,'Form CT'!I:I,'Form CT'!D:D,0)+_xlfn.XLOOKUP(LEFT(B80,18)&C80&D80,'Form CT'!I:I,'Form CT'!E:E,0),0) -> 0 | AG80: =IF(OR( AND(MID(B80,2,2)="59", VALUE(MID(B80,11,2))>24), AND(LEFT(B80,4)="T521", VALUE(MID(B80,11,2))>62), LEFT(B80,4)="T523" ), "符合", "不符合") -> 不符合 | AH80: =_xlfn.XLOOKUP(TRIM(CLEAN(B80))&"-"&TRIM(CLEAN(C80))&"-"&TRIM(CLEAN(D80)),'KS2'!A:A,'KS2'!B:B,0) -> 0 | AI80: =IF(_xlfn.XLOOKUP(MID(B80,2,7)&"/"&MID(B80,10,3)&TRIM(D80)&MID(B80,15,4),Carouselwash!F:F,Carouselwash!I:I,0)=0,_xlfn.XLOOKUP((MID(C80,2,7)&"/"&MID(C80,10,3)&TRIM(D80)),Carouselwash!G:G,Carouselwash!I:I,0),_xlfn.XLOOKUP(MID(B80,2,7)&"/"&MID(B80,10,3)&TRIM(D80)&MID(B80,15,4),Carouselwash!F:F,Carouselwash!I:I,0)) -> 3
A81: 2628SF27 | B81: T598D477M2R5ATE006 | C81: A598V247M004AS | D81: TTS80 | E81: 2026-07-28 | F81: 42144 | G81: 2026-08-01 | H81: 2026-09-06 | I81: T59D 2 | J81: 14 | K81: 9 | L81: R8TE28649188-002 | M81: 2807.9 | N81: NGZ | O81: 0.065 | P81: 0.17 | Q81: 0.04 | R81: 0.0193 | S81: 50 | T81: 47 | U81: 18 | V81: S59112SJ4 | W81: 32 | X81: 20932.16 | Y81: 42300 | Z81: ANODE-KO | AA81: ,pull in | AC81: 3882573996 | AD81: =IF(N81=$AD$1,_xlfn.XLOOKUP(LEFT(B81,18)&C81&D81,'Form CT'!I:I,'Form CT'!D:D,0)+_xlfn.XLOOKUP(LEFT(B81,18)&C81&D81,'Form CT'!I:I,'Form CT'!E:E,0),0) -> 0 | AE81: =IF(N81=$AE$1,_xlfn.XLOOKUP(LEFT(B81,18)&C81&D81,'Form CT'!I:I,'Form CT'!D:D,0)+_xlfn.XLOOKUP(LEFT(B81,18)&C81&D81,'Form CT'!I:I,'Form CT'!E:E,0),0) -> 0 | AF81: =IF(N81=$AF$1,_xlfn.XLOOKUP(LEFT(B81,18)&C81&D81,'Form CT'!I:I,'Form CT'!D:D,0)+_xlfn.XLOOKUP(LEFT(B81,18)&C81&D81,'Form CT'!I:I,'Form CT'!E:E,0),0) -> 349.29693 | AG81: =IF(OR( AND(MID(B81,2,2)="59", VALUE(MID(B81,11,2))>24), AND(LEFT(B81,4)="T521", VALUE(MID(B81,11,2))>62), LEFT(B81,4)="T523" ), "符合", "不符合") -> #VALUE! | AH81: =_xlfn.XLOOKUP(TRIM(CLEAN(B81))&"-"&TRIM(CLEAN(C81))&"-"&TRIM(CLEAN(D81)),'KS2'!A:A,'KS2'!B:B,0) -> 0 | AI81: =IF(_xlfn.XLOOKUP(MID(B81,2,7)&"/"&MID(B81,10,3)&TRIM(D81)&MID(B81,15,4),Carouselwash!F:F,Carouselwash!I:I,0)=0,_xlfn.XLOOKUP((MID(C81,2,7)&"/"&MID(C81,10,3)&TRIM(D81)),Carouselwash!G:G,Carouselwash!I:I,0),_xlfn.XLOOKUP(MID(B81,2,7)&"/"&MID(B81,10,3)&TRIM(D81)&MID(B81,15,4),Carouselwash!F:F,Carouselwash!I:I,0)) -> 3
A82: 2618QN17 | B82: T528Z227M004ATE009 | C82: A528Z227M004ASE009 | D82: KBP76 | E82: 2026-07-28 | F82: 33000 | G82: 2026-09-10 | H82: 2026-10-13 | I82: T528Z 1 | J82: 14 | K82: 9 | L82: NC2J37049117-004 | M82: 3709.7 | N82: NGZ | O82: 0.14 | P82: 0.19 | Q82: 0.036 | R82: 0.0193 | S82: 50 | T82: 37 | U82: 18 | V82: S59112SJ4 | W82: 32 | X82: 25437.31 | Y82: 33300 | Z82: ANODE-KO | AA82: ,pull in | AC82: 3882496549 | AD82: =IF(N82=$AD$1,_xlfn.XLOOKUP(LEFT(B82,18)&C82&D82,'Form CT'!I:I,'Form CT'!D:D,0)+_xlfn.XLOOKUP(LEFT(B82,18)&C82&D82,'Form CT'!I:I,'Form CT'!E:E,0),0) -> 0 | AE82: =IF(N82=$AE$1,_xlfn.XLOOKUP(LEFT(B82,18)&C82&D82,'Form CT'!I:I,'Form CT'!D:D,0)+_xlfn.XLOOKUP(LEFT(B82,18)&C82&D82,'Form CT'!I:I,'Form CT'!E:E,0),0) -> 0 | AF82: =IF(N82=$AF$1,_xlfn.XLOOKUP(LEFT(B82,18)&C82&D82,'Form CT'!I:I,'Form CT'!D:D,0)+_xlfn.XLOOKUP(LEFT(B82,18)&C82&D82,'Form CT'!I:I,'Form CT'!E:E,0),0) -> 417.88416 | AG82: =IF(OR( AND(MID(B82,2,2)="59", VALUE(MID(B82,11,2))>24), AND(LEFT(B82,4)="T521", VALUE(MID(B82,11,2))>62), LEFT(B82,4)="T523" ), "符合", "不符合") -> 不符合 | AH82: =_xlfn.XLOOKUP(TRIM(CLEAN(B82))&"-"&TRIM(CLEAN(C82))&"-"&TRIM(CLEAN(D82)),'KS2'!A:A,'KS2'!B:B,0) -> 0 | AI82: =IF(_xlfn.XLOOKUP(MID(B82,2,7)&"/"&MID(B82,10,3)&TRIM(D82)&MID(B82,15,4),Carouselwash!F:F,Carouselwash!I:I,0)=0,_xlfn.XLOOKUP((MID(C82,2,7)&"/"&MID(C82,10,3)&TRIM(D82)),Carouselwash!G:G,Carouselwash!I:I,0),_xlfn.XLOOKUP(MID(B82,2,7)&"/"&MID(B82,10,3)&TRIM(D82)&MID(B82,15,4),Carouselwash!F:F,Carouselwash!I:I,0)) -> 3
A83: 2627U527 | B83: T523H107M035APE0707729 | C83: A523H107M035ASSZ02 | D83: S706 | E83: 2026-07-28 | F83: 8477 | G83: 2026-08-12 | H83: 2026-09-12 | I83: T523H | J83: 3 | K83: 0 | L83: XZFI8204D181-025 | M83: 8117.4 | N83: Y | O83: 0.206 | P83: 0.216 | Q83: 0.041 | R83: 0.0118 | S83: 35 | T83: 22 | U83: 18 | V83: S30123BP9 | W83: 32 | X83: 70015.25 | Y83: 13860 | Z83: ANODE-KO | AA83: ,pull in | AC83: 3882415203 | AD83: =IF(N83=$AD$1,_xlfn.XLOOKUP(LEFT(B83,18)&C83&D83,'Form CT'!I:I,'Form CT'!D:D,0)+_xlfn.XLOOKUP(LEFT(B83,18)&C83&D83,'Form CT'!I:I,'Form CT'!E:E,0),0) -> 0 | AE83: =IF(N83=$AE$1,_xlfn.XLOOKUP(LEFT(B83,18)&C83&D83,'Form CT'!I:I,'Form CT'!D:D,0)+_xlfn.XLOOKUP(LEFT(B83,18)&C83&D83,'Form CT'!I:I,'Form CT'!E:E,0),0) -> 1135.8833 | AF83: =IF(N83=$AF$1,_xlfn.XLOOKUP(LEFT(B83,18)&C83&D83,'Form CT'!I:I,'Form CT'!D:D,0)+_xlfn.XLOOKUP(LEFT(B83,18)&C83&D83,'Form CT'!I:I,'Form CT'!E:E,0),0) -> 0 | AG83: =IF(OR( AND(MID(B83,2,2)="59", VALUE(MID(B83,11,2))>24), AND(LEFT(B83,4)="T521", VALUE(MID(B83,11,2))>62), LEFT(B83,4)="T523" ), "符合", "不符合") -> 符合 | AH83: =_xlfn.XLOOKUP(TRIM(CLEAN(B83))&"-"&TRIM(CLEAN(C83))&"-"&TRIM(CLEAN(D83)),'KS2'!A:A,'KS2'!B:B,0) -> 7 | AI83: =IF(_xlfn.XLOOKUP(MID(B83,2,7)&"/"&MID(B83,10,3)&TRIM(D83)&MID(B83,15,4),Carouselwash!F:F,Carouselwash!I:I,0)=0,_xlfn.XLOOKUP((MID(C83,2,7)&"/"&MID(C83,10,3)&TRIM(D83)),Carouselwash!G:G,Carouselwash!I:I,0),_xlfn.XLOOKUP(MID(B83,2,7)&"/"&MID(B83,10,3)&TRIM(D83)&MID(B83,15,4),Carouselwash!F:F,Carouselwash!I:I,0)) -> 3
A84: 2629DH27 | B84: T521D106M050ATE0907654 | C84: A521D106M050ASE060 | D84: FTP150 | E84: 2026-07-28 | F84: 15900 | G84: 2026-08-08 | H84: 2026-08-28 | I84: D | J84: 2 | K84: 0 | L84: WB4R16643195-001 | M84: 1689.4 | N84: Y | O84: 0.122 | P84: 0.18 | Q84: 0.056 | R84: 0.015 | S84: 35 | T84: 26 | U84: 18 | V84: X20104BP6 | W84: 32 | X84: 57063.87 | Y84: 16380 | Z84: Intransit | AA84: fixed,TopRunners,pull in | AC84: 3882464175 | AD84: =IF(N84=$AD$1,_xlfn.XLOOKUP(LEFT(B84,18)&C84&D84,'Form CT'!I:I,'Form CT'!D:D,0)+_xlfn.XLOOKUP(LEFT(B84,18)&C84&D84,'Form CT'!I:I,'Form CT'!E:E,0),0) -> 0 | AE84: =IF(N84=$AE$1,_xlfn.XLOOKUP(LEFT(B84,18)&C84&D84,'Form CT'!I:I,'Form CT'!D:D,0)+_xlfn.XLOOKUP(LEFT(B84,18)&C84&D84,'Form CT'!I:I,'Form CT'!E:E,0),0) -> 964.72306 | AF84: =IF(N84=$AF$1,_xlfn.XLOOKUP(LEFT(B84,18)&C84&D84,'Form CT'!I:I,'Form CT'!D:D,0)+_xlfn.XLOOKUP(LEFT(B84,18)&C84&D84,'Form CT'!I:I,'Form CT'!E:E,0),0) -> 0 | AG84: =IF(OR( AND(MID(B84,2,2)="59", VALUE(MID(B84,11,2))>24), AND(LEFT(B84,4)="T521", VALUE(MID(B84,11,2))>62), LEFT(B84,4)="T523" ), "符合", "不符合") -> 不符合 | AH84: =_xlfn.XLOOKUP(TRIM(CLEAN(B84))&"-"&TRIM(CLEAN(C84))&"-"&TRIM(CLEAN(D84)),'KS2'!A:A,'KS2'!B:B,0) -> 1 | AI84: =IF(_xlfn.XLOOKUP(MID(B84,2,7)&"/"&MID(B84,10,3)&TRIM(D84)&MID(B84,15,4),Carouselwash!F:F,Carouselwash!I:I,0)=0,_xlfn.XLOOKUP((MID(C84,2,7)&"/"&MID(C84,10,3)&TRIM(D84)),Carouselwash!G:G,Carouselwash!I:I,0),_xlfn.XLOOKUP(MID(B84,2,7)&"/"&MID(B84,10,3)&TRIM(D84)&MID(B84,15,4),Carouselwash!F:F,Carouselwash!I:I,0)) -> 2
A85: 2627SG37 | B85: T523W476M035APE1007723 | C85: A523W476M035ASE100 | D85: S706 | E85: 2026-07-28 | F85: 23400 | G85: 2026-07-27 | H85: 2026-08-26 | I85: T523W | J85: 3 | K85: 0 | L85: WCU245343182-024 | M85: 4492.5 | N85: Y | O85: 0.14 | P85: 0.21 | Q85: 0.032 | R85: 0.015 | S85: 50 | T85: 26 | U85: 18 | V85: D30123BP7 | W85: 32 | X85: 69156.48 | Y85: 23400 | Z85: ANODE-KO | AA85: fixed,pass due | AB85: 3882487203-QTY:15989,pass due | AC85: 3882487202 | AD85: =IF(N85=$AD$1,_xlfn.XLOOKUP(LEFT(B85,18)&C85&D85,'Form CT'!I:I,'Form CT'!D:D,0)+_xlfn.XLOOKUP(LEFT(B85,18)&C85&D85,'Form CT'!I:I,'Form CT'!E:E,0),0) -> 0 | AE85: =IF(N85=$AE$1,_xlfn.XLOOKUP(LEFT(B85,18)&C85&D85,'Form CT'!I:I,'Form CT'!D:D,0)+_xlfn.XLOOKUP(LEFT(B85,18)&C85&D85,'Form CT'!I:I,'Form CT'!E:E,0),0) -> 1148.7496 | AF85: =IF(N85=$AF$1,_xlfn.XLOOKUP(LEFT(B85,18)&C85&D85,'Form CT'!I:I,'Form CT'!D:D,0)+_xlfn.XLOOKUP(LEFT(B85,18)&C85&D85,'Form CT'!I:I,'Form CT'!E:E,0),0) -> 0 | AG85: =IF(OR( AND(MID(B85,2,2)="59", VALUE(MID(B85,11,2))>24), AND(LEFT(B85,4)="T521", VALUE(MID(B85,11,2))>62), LEFT(B85,4)="T523" ), "符合", "不符合") -> 符合 | AH85: =_xlfn.XLOOKUP(TRIM(CLEAN(B85))&"-"&TRIM(CLEAN(C85))&"-"&TRIM(CLEAN(D85)),'KS2'!A:A,'KS2'!B:B,0) -> 5 | AI85: =IF(_xlfn.XLOOKUP(MID(B85,2,7)&"/"&MID(B85,10,3)&TRIM(D85)&MID(B85,15,4),Carouselwash!F:F,Carouselwash!I:I,0)=0,_xlfn.XLOOKUP((MID(C85,2,7)&"/"&MID(C85,10,3)&TRIM(D85)),Carouselwash!G:G,Carouselwash!I:I,0),_xlfn.XLOOKUP(MID(B85,2,7)&"/"&MID(B85,10,3)&TRIM(D85)&MID(B85,15,4),Carouselwash!F:F,Carouselwash!I:I,0)) -> 4
A86: 2625YN17 | B86: T521V107M020ATE055 | C86: A521V107M020ASMH01 | D86: TTS80 | E86: 2026-07-28 | F86: 33300 | G86: 2026-07-25 | H86: 2026-08-19 | I86: T59V | J86: 7 | K86: 4 | L86: XLNH5344D166-003 | M86: 5323.7 | N86: P | O86: 0.128 | P86: 0.185 | Q86: 0.033 | R86: 0.0118 | S86: 50 | T86: 37 | U86: 18 | V86: S34153SXU2P | W86: 32 | X86: 35070.43 | Y86: 33300 | Z86: ANODE-KO | AA86: fixed,pass due,push out | AB86: 3882477155,3882477156-QTY:11020,pass due | AC86: 3882477154 | AD86: =IF(N86=$AD$1,_xlfn.XLOOKUP(LEFT(B86,18)&C86&D86,'Form CT'!I:I,'Form CT'!D:D,0)+_xlfn.XLOOKUP(LEFT(B86,18)&C86&D86,'Form CT'!I:I,'Form CT'!E:E,0),0) -> 0 | AE86: =IF(N86=$AE$1,_xlfn.XLOOKUP(LEFT(B86,18)&C86&D86,'Form CT'!I:I,'Form CT'!D:D,0)+_xlfn.XLOOKUP(LEFT(B86,18)&C86&D86,'Form CT'!I:I,'Form CT'!E:E,0),0) -> 0 | AF86: =IF(N86=$AF$1,_xlfn.XLOOKUP(LEFT(B86,18)&C86&D86,'Form CT'!I:I,'Form CT'!D:D,0)+_xlfn.XLOOKUP(LEFT(B86,18)&C86&D86,'Form CT'!I:I,'Form CT'!E:E,0),0) -> 0 | AG86: =IF(OR( AND(MID(B86,2,2)="59", VALUE(MID(B86,11,2))>24), AND(LEFT(B86,4)="T521", VALUE(MID(B86,11,2))>62), LEFT(B86,4)="T523" ), "符合", "不符合") -> 不符合 | AH86: =_xlfn.XLOOKUP(TRIM(CLEAN(B86))&"-"&TRIM(CLEAN(C86))&"-"&TRIM(CLEAN(D86)),'KS2'!A:A,'KS2'!B:B,0) -> 0 | AI86: =IF(_xlfn.XLOOKUP(MID(B86,2,7)&"/"&MID(B86,10,3)&TRIM(D86)&MID(B86,15,4),Carouselwash!F:F,Carouselwash!I:I,0)=0,_xlfn.XLOOKUP((MID(C86,2,7)&"/"&MID(C86,10,3)&TRIM(D86)),Carouselwash!G:G,Carouselwash!I:I,0),_xlfn.XLOOKUP(MID(B86,2,7)&"/"&MID(B86,10,3)&TRIM(D86)&MID(B86,15,4),Carouselwash!F:F,Carouselwash!I:I,0)) -> 3
A87: 2627DS57 | B87: T521T336M018APE0557659 | C87: A521T336M018ASTR01 | D87: FTW121KE | E87: 2026-07-28 | F87: 50623 | G87: 2026-07-28 | H87: 2026-08-19 | I87: T-A42 | J87: 10 | K87: 5 | L87: QOGQ1454A184-010 | M87: 1451.9 | N87: P | O87: 0.094 | P87: 0.076 | Q87: 0.0203 | R87: 0.0098 | S87: 60 | T87: 47 | U87: 18 | V87: S55152IXU2P | W87: 42 | X87: 66066.73 | Y87: 50760 | Z87: ANODE-KO | AA87: fixed,pull in | AC87: 3882421911 | AD87: =IF(N87=$AD$1,_xlfn.XLOOKUP(LEFT(B87,18)&C87&D87,'Form CT'!I:I,'Form CT'!D:D,0)+_xlfn.XLOOKUP(LEFT(B87,18)&C87&D87,'Form CT'!I:I,'Form CT'!E:E,0),0) -> 770.01657 | AE87: =IF(N87=$AE$1,_xlfn.XLOOKUP(LEFT(B87,18)&C87&D87,'Form CT'!I:I,'Form CT'!D:D,0)+_xlfn.XLOOKUP(LEFT(B87,18)&C87&D87,'Form CT'!I:I,'Form CT'!E:E,0),0) -> 0 | AF87: =IF(N87=$AF$1,_xlfn.XLOOKUP(LEFT(B87,18)&C87&D87,'Form CT'!I:I,'Form CT'!D:D,0)+_xlfn.XLOOKUP(LEFT(B87,18)&C87&D87,'Form CT'!I:I,'Form CT'!E:E,0),0) -> 0 | AG87: =IF(OR( AND(MID(B87,2,2)="59", VALUE(MID(B87,11,2))>24), AND(LEFT(B87,4)="T521", VALUE(MID(B87,11,2))>62), LEFT(B87,4)="T523" ), "符合", "不符合") -> 不符合 | AH87: =_xlfn.XLOOKUP(TRIM(CLEAN(B87))&"-"&TRIM(CLEAN(C87))&"-"&TRIM(CLEAN(D87)),'KS2'!A:A,'KS2'!B:B,0) -> 0 | AI87: =IF(_xlfn.XLOOKUP(MID(B87,2,7)&"/"&MID(B87,10,3)&TRIM(D87)&MID(B87,15,4),Carouselwash!F:F,Carouselwash!I:I,0)=0,_xlfn.XLOOKUP((MID(C87,2,7)&"/"&MID(C87,10,3)&TRIM(D87)),Carouselwash!G:G,Carouselwash!I:I,0),_xlfn.XLOOKUP(MID(B87,2,7)&"/"&MID(B87,10,3)&TRIM(D87)&MID(B87,15,4),Carouselwash!F:F,Carouselwash!I:I,0)) -> 3
A88: 2629K947 | B88: T521B106M035ATE150 | C88: A521B106M035AS | D88: TTS40 | E88: 2026-07-28 | F88: 42300 | G88: 2026-07-29 | H88: 2026-08-18 | I88: B | J88: 2 | K88: 0 | L88: Q8I97503D197-001 | M88: 746.5 | N88: P | O88: 0.09 | P88: 0.07 | Q88: 0.041 | R88: 0.0118 | S88: 50 | T88: 47 | U88: 18 | V88: S20103BP6 | W88: 42 | X88: 50383.35 | Y88: 42300 | Z88: Intransit | AA88: ,pull in | AB88: PN1:T521B106M035ATE150-StartDate:2026-07-29-QTY:2193_x000D_ ,PN:T521B106M035ATE200-StartDate:2026-08-02-QTY:4393-OrderNo:3882463489,3882463446_x000D_ ,PN:T521B106M035ATE200-StartDate:2026-08-12-QTY:29124-OrderNo:3882463490 | AC88: 3882463445 | AD88: =IF(N88=$AD$1,_xlfn.XLOOKUP(LEFT(B88,18)&C88&D88,'Form CT'!I:I,'Form CT'!D:D,0)+_xlfn.XLOOKUP(LEFT(B88,18)&C88&D88,'Form CT'!I:I,'Form CT'!E:E,0),0) -> 831.5715 | AE88: =IF(N88=$AE$1,_xlfn.XLOOKUP(LEFT(B88,18)&C88&D88,'Form CT'!I:I,'Form CT'!D:D,0)+_xlfn.XLOOKUP(LEFT(B88,18)&C88&D88,'Form CT'!I:I,'Form CT'!E:E,0),0) -> 0 | AF88: =IF(N88=$AF$1,_xlfn.XLOOKUP(LEFT(B88,18)&C88&D88,'Form CT'!I:I,'Form CT'!D:D,0)+_xlfn.XLOOKUP(LEFT(B88,18)&C88&D88,'Form CT'!I:I,'Form CT'!E:E,0),0) -> 0 | AG88: =IF(OR( AND(MID(B88,2,2)="59", VALUE(MID(B88,11,2))>24), AND(LEFT(B88,4)="T521", VALUE(MID(B88,11,2))>62), LEFT(B88,4)="T523" ), "符合", "不符合") -> 不符合 | AH88: =_xlfn.XLOOKUP(TRIM(CLEAN(B88))&"-"&TRIM(CLEAN(C88))&"-"&TRIM(CLEAN(D88)),'KS2'!A:A,'KS2'!B:B,0) -> 6 | AI88: =IF(_xlfn.XLOOKUP(MID(B88,2,7)&"/"&MID(B88,10,3)&TRIM(D88)&MID(B88,15,4),Carouselwash!F:F,Carouselwash!I:I,0)=0,_xlfn.XLOOKUP((MID(C88,2,7)&"/"&MID(C88,10,3)&TRIM(D88)),Carouselwash!G:G,Carouselwash!I:I,0),_xlfn.XLOOKUP(MID(B88,2,7)&"/"&MID(B88,10,3)&TRIM(D88)&MID(B88,15,4),Carouselwash!F:F,Carouselwash!I:I,0)) -> 3
A89: 2627YG47 | B89: T521D107M025ATE0407280 | C89: A521D107M025ASALT2 | D89: FTW503 | E89: 2026-07-28 | F89: 28885 | G89: 2026-07-25 | H89: 2026-08-17 | I89: D | J89: 6 | K89: 4 | L89: WIJ+55043183-027 | M89: 5716.2 | N89: P | O89: 0.128 | P89: 0.17 | Q89: 0.064 | R89: 0.015 | S89: 50 | T89: 32 | U89: 18 | V89: S24143SXU3P | W89: 32 | X89: 34184.05 | Y89: 28800 | Z89: ANODE-KO | AA89: fixed,TopRunners,push out | AB89: pass due | AC89: 3882468230 | AD89: =IF(N89=$AD$1,_xlfn.XLOOKUP(LEFT(B89,18)&C89&D89,'Form CT'!I:I,'Form CT'!D:D,0)+_xlfn.XLOOKUP(LEFT(B89,18)&C89&D89,'Form CT'!I:I,'Form CT'!E:E,0),0) -> 582.32677 | AE89: =IF(N89=$AE$1,_xlfn.XLOOKUP(LEFT(B89,18)&C89&D89,'Form CT'!I:I,'Form CT'!D:D,0)+_xlfn.XLOOKUP(LEFT(B89,18)&C89&D89,'Form CT'!I:I,'Form CT'!E:E,0),0) -> 0 | AF89: =IF(N89=$AF$1,_xlfn.XLOOKUP(LEFT(B89,18)&C89&D89,'Form CT'!I:I,'Form CT'!D:D,0)+_xlfn.XLOOKUP(LEFT(B89,18)&C89&D89,'Form CT'!I:I,'Form CT'!E:E,0),0) -> 0 | AG89: =IF(OR( AND(MID(B89,2,2)="59", VALUE(MID(B89,11,2))>24), AND(LEFT(B89,4)="T521", VALUE(MID(B89,11,2))>62), LEFT(B89,4)="T523" ), "符合", "不符合") -> 不符合 | AH89: =_xlfn.XLOOKUP(TRIM(CLEAN(B89))&"-"&TRIM(CLEAN(C89))&"-"&TRIM(CLEAN(D89)),'KS2'!A:A,'KS2'!B:B,0) -> 0 | AI89: =IF(_xlfn.XLOOKUP(MID(B89,2,7)&"/"&MID(B89,10,3)&TRIM(D89)&MID(B89,15,4),Carouselwash!F:F,Carouselwash!I:I,0)=0,_xlfn.XLOOKUP((MID(C89,2,7)&"/"&MID(C89,10,3)&TRIM(D89)),Carouselwash!G:G,Carouselwash!I:I,0),_xlfn.XLOOKUP(MID(B89,2,7)&"/"&MID(B89,10,3)&TRIM(D89)&MID(B89,15,4),Carouselwash!F:F,Carouselwash!I:I,0)) -> 3
A90: 2627DU57 | B90: T521T336M018APE0557659 | C90: A521T336M018ASTR01 | D90: FTW121KE | E90: 2026-07-28 | F90: 50670 | G90: 2026-07-28 | H90: 2026-08-19 | I90: T-A42 | J90: 10 | K90: 5 | L90: QOGQ1454A184-012 | M90: 1511.9 | N90: P | O90: 0.094 | P90: 0.076 | Q90: 0.0203 | R90: 0.0098 | S90: 60 | T90: 47 | U90: 18 | V90: S55152IXU2P | W90: 42 | X90: 66066.73 | Y90: 50760 | Z90: ANODE-KO | AA90: fixed,pull in | AC90: 3882421911 | AD90: =IF(N90=$AD$1,_xlfn.XLOOKUP(LEFT(B90,18)&C90&D90,'Form CT'!I:I,'Form CT'!D:D,0)+_xlfn.XLOOKUP(LEFT(B90,18)&C90&D90,'Form CT'!I:I,'Form CT'!E:E,0),0) -> 770.01657 | AE90: =IF(N90=$AE$1,_xlfn.XLOOKUP(LEFT(B90,18)&C90&D90,'Form CT'!I:I,'Form CT'!D:D,0)+_xlfn.XLOOKUP(LEFT(B90,18)&C90&D90,'Form CT'!I:I,'Form CT'!E:E,0),0) -> 0 | AF90: =IF(N90=$AF$1,_xlfn.XLOOKUP(LEFT(B90,18)&C90&D90,'Form CT'!I:I,'Form CT'!D:D,0)+_xlfn.XLOOKUP(LEFT(B90,18)&C90&D90,'Form CT'!I:I,'Form CT'!E:E,0),0) -> 0 | AG90: =IF(OR( AND(MID(B90,2,2)="59", VALUE(MID(B90,11,2))>24), AND(LEFT(B90,4)="T521", VALUE(MID(B90,11,2))>62), LEFT(B90,4)="T523" ), "符合", "不符合") -> 不符合 | AH90: =_xlfn.XLOOKUP(TRIM(CLEAN(B90))&"-"&TRIM(CLEAN(C90))&"-"&TRIM(CLEAN(D90)),'KS2'!A:A,'KS2'!B:B,0) -> 0 | AI90: =IF(_xlfn.XLOOKUP(MID(B90,2,7)&"/"&MID(B90,10,3)&TRIM(D90)&MID(B90,15,4),Carouselwash!F:F,Carouselwash!I:I,0)=0,_xlfn.XLOOKUP((MID(C90,2,7)&"/"&MID(C90,10,3)&TRIM(D90)),Carouselwash!G:G,Carouselwash!I:I,0),_xlfn.XLOOKUP(MID(B90,2,7)&"/"&MID(B90,10,3)&TRIM(D90)&MID(B90,15,4),Carouselwash!F:F,Carouselwash!I:I,0)) -> 3
A91: 2628EW57 | B91: T521D227M016ATE050 | C91: A521D227M016AS | D91: FTW102K | E91: 2026-07-28 | F91: 16371 | G91: 2026-07-30 | H91: 2026-08-22 | I91: D | J91: 8 | K91: 4 | L91: WI6$80143191-004 | M91: 8050 | N91: P | O91: 0.128 | P91: 0.17 | Q91: 0.05 | R91: 0.015 | S91: 35 | T91: 26 | U91: 18 | V91: S44143SXDU2P | W91: 32 | X91: 41186.27 | Y91: 16380 | Z91: ANODE-KO | AA91: ,pull in | AB91: 3882466548-QTY:16029 | AC91: 3882466547 | AD91: =IF(N91=$AD$1,_xlfn.XLOOKUP(LEFT(B91,18)&C91&D91,'Form CT'!I:I,'Form CT'!D:D,0)+_xlfn.XLOOKUP(LEFT(B91,18)&C91&D91,'Form CT'!I:I,'Form CT'!E:E,0),0) -> 669.49165 | AE91: =IF(N91=$AE$1,_xlfn.XLOOKUP(LEFT(B91,18)&C91&D91,'Form CT'!I:I,'Form CT'!D:D,0)+_xlfn.XLOOKUP(LEFT(B91,18)&C91&D91,'Form CT'!I:I,'Form CT'!E:E,0),0) -> 0 | AF91: =IF(N91=$AF$1,_xlfn.XLOOKUP(LEFT(B91,18)&C91&D91,'Form CT'!I:I,'Form CT'!D:D,0)+_xlfn.XLOOKUP(LEFT(B91,18)&C91&D91,'Form CT'!I:I,'Form CT'!E:E,0),0) -> 0 | AG91: =IF(OR( AND(MID(B91,2,2)="59", VALUE(MID(B91,11,2))>24), AND(LEFT(B91,4)="T521", VALUE(MID(B91,11,2))>62), LEFT(B91,4)="T523" ), "符合", "不符合") -> 不符合 | AH91: =_xlfn.XLOOKUP(TRIM(CLEAN(B91))&"-"&TRIM(CLEAN(C91))&"-"&TRIM(CLEAN(D91)),'KS2'!A:A,'KS2'!B:B,0) -> 0 | AI91: =IF(_xlfn.XLOOKUP(MID(B91,2,7)&"/"&MID(B91,10,3)&TRIM(D91)&MID(B91,15,4),Carouselwash!F:F,Carouselwash!I:I,0)=0,_xlfn.XLOOKUP((MID(C91,2,7)&"/"&MID(C91,10,3)&TRIM(D91)),Carouselwash!G:G,Carouselwash!I:I,0),_xlfn.XLOOKUP(MID(B91,2,7)&"/"&MID(B91,10,3)&TRIM(D91)&MID(B91,15,4),Carouselwash!F:F,Carouselwash!I:I,0)) -> 3
A92: 2627XP57 | B92: T520V477M2R5ATE018 | C92: A520V477M003ASMHSP | D92: KBP76 | E92: 2026-07-28 | F92: 33000 | G92: 2026-07-27 | H92: 2026-08-21 | I92: 1.9V | J92: 8 | K92: 5 | L92: TG$Q42043184-012 | M92: 4233.8 | N92: NGZ | O92: 0.128 | P92: 0.17 | Q92: 0.033 | R92: 0.015 | S92: 50 | T92: 37 | U92: 18 | V92: S35103SXU2P | W92: 32 | X92: 24146.12 | Y92: 33300 | Z92: ANODE-KO | AA92: fixed,TopRunners | AB92: pass due | AC92: 3882456806 | AD92: =IF(N92=$AD$1,_xlfn.XLOOKUP(LEFT(B92,18)&C92&D92,'Form CT'!I:I,'Form CT'!D:D,0)+_xlfn.XLOOKUP(LEFT(B92,18)&C92&D92,'Form CT'!I:I,'Form CT'!E:E,0),0) -> 0 | AE92: =IF(N92=$AE$1,_xlfn.XLOOKUP(LEFT(B92,18)&C92&D92,'Form CT'!I:I,'Form CT'!D:D,0)+_xlfn.XLOOKUP(LEFT(B92,18)&C92&D92,'Form CT'!I:I,'Form CT'!E:E,0),0) -> 0 | AF92: =IF(N92=$AF$1,_xlfn.XLOOKUP(LEFT(B92,18)&C92&D92,'Form CT'!I:I,'Form CT'!D:D,0)+_xlfn.XLOOKUP(LEFT(B92,18)&C92&D92,'Form CT'!I:I,'Form CT'!E:E,0),0) -> 405.16952 | AG92: =IF(OR( AND(MID(B92,2,2)="59", VALUE(MID(B92,11,2))>24), AND(LEFT(B92,4)="T521", VALUE(MID(B92,11,2))>62), LEFT(B92,4)="T523" ), "符合", "不符合") -> #VALUE! | AH92: =_xlfn.XLOOKUP(TRIM(CLEAN(B92))&"-"&TRIM(CLEAN(C92))&"-"&TRIM(CLEAN(D92)),'KS2'!A:A,'KS2'!B:B,0) -> 0 | AI92: =IF(_xlfn.XLOOKUP(MID(B92,2,7)&"/"&MID(B92,10,3)&TRIM(D92)&MID(B92,15,4),Carouselwash!F:F,Carouselwash!I:I,0)=0,_xlfn.XLOOKUP((MID(C92,2,7)&"/"&MID(C92,10,3)&TRIM(D92)),Carouselwash!G:G,Carouselwash!I:I,0),_xlfn.XLOOKUP(MID(B92,2,7)&"/"&MID(B92,10,3)&TRIM(D92)&MID(B92,15,4),Carouselwash!F:F,Carouselwash!I:I,0)) -> 3
A93: 2629L437 | B93: T520B107M006ATE040 | C93: A520B107M006ASMHSP | D93: KBP126 | E93: 2026-07-28 | F93: 50740 | G93: 2026-08-03 | H93: 2026-08-22 | I93: B | J93: 8 | K93: 5 | L93: Q4A-1734D196-001 | M93: 1600.5 | N93: NGZ | O93: 0.089 | P93: 0.054 | Q93: 0.041 | R93: 0.0118 | S93: 60 | T93: 47 | U93: 18 | V93: S35103XMU2P | W93: 42 | X93: 34557.78 | Y93: 50760 | Z93: Intransit | AA93: ,pull in | AB93: 3882419898-QTY:33060 | AC93: 3882419897 | AD93: =IF(N93=$AD$1,_xlfn.XLOOKUP(LEFT(B93,18)&C93&D93,'Form CT'!I:I,'Form CT'!D:D,0)+_xlfn.XLOOKUP(LEFT(B93,18)&C93&D93,'Form CT'!I:I,'Form CT'!E:E,0),0) -> 0 | AE93: =IF(N93=$AE$1,_xlfn.XLOOKUP(LEFT(B93,18)&C93&D93,'Form CT'!I:I,'Form CT'!D:D,0)+_xlfn.XLOOKUP(LEFT(B93,18)&C93&D93,'Form CT'!I:I,'Form CT'!E:E,0),0) -> 0 | AF93: =IF(N93=$AF$1,_xlfn.XLOOKUP(LEFT(B93,18)&C93&D93,'Form CT'!I:I,'Form CT'!D:D,0)+_xlfn.XLOOKUP(LEFT(B93,18)&C93&D93,'Form CT'!I:I,'Form CT'!E:E,0),0) -> 575.83471 | AG93: =IF(OR( AND(MID(B93,2,2)="59", VALUE(MID(B93,11,2))>24), AND(LEFT(B93,4)="T521", VALUE(MID(B93,11,2))>62), LEFT(B93,4)="T523" ), "符合", "不符合") -> 不符合 | AH93: =_xlfn.XLOOKUP(TRIM(CLEAN(B93))&"-"&TRIM(CLEAN(C93))&"-"&TRIM(CLEAN(D93)),'KS2'!A:A,'KS2'!B:B,0) -> 0 | AI93: =IF(_xlfn.XLOOKUP(MID(B93,2,7)&"/"&MID(B93,10,3)&TRIM(D93)&MID(B93,15,4),Carouselwash!F:F,Carouselwash!I:I,0)=0,_xlfn.XLOOKUP((MID(C93,2,7)&"/"&MID(C93,10,3)&TRIM(D93)),Carouselwash!G:G,Carouselwash!I:I,0),_xlfn.XLOOKUP(MID(B93,2,7)&"/"&MID(B93,10,3)&TRIM(D93)&MID(B93,15,4),Carouselwash!F:F,Carouselwash!I:I,0)) -> 3
A94: 2628DH37 | B94: T520T156M006ATE100 | C94: A520T156M006AS | D94: KBP40 | E94: 2026-07-28 | F94: 51217 | G94: 2026-07-31 | H94: 2026-08-22 | I94: T | J94: 8 | K94: 5 | L94: QPPA4413Q189-001 | M94: 434.4 | N94: P | O94: 0.094 | P94: 0.07 | Q94: 0.017 | R94: 0.0083 | S94: 60 | T94: 47 | U94: 18 | V94: S35102IXU2P | W94: 42 | X94: 25589.08 | Y94: 50760 | Z94: ANODE-INSP | AA94: ,pull in | AB94: PN1:T520T156M006ATE100-StartDate:2026-07-31-QTY:3436_x000D_ ,PN:T520T156M006AHE100-StartDate:2026-09-12-QTY:3440-OrderNo:3882448104_x000D_ ,PN:T520T156M006AHE100-StartDate:2026-09-16-QTY:10319-OrderNo:3882448105 | AC94: 3882448004 | AD94: =IF(N94=$AD$1,_xlfn.XLOOKUP(LEFT(B94,18)&C94&D94,'Form CT'!I:I,'Form CT'!D:D,0)+_xlfn.XLOOKUP(LEFT(B94,18)&C94&D94,'Form CT'!I:I,'Form CT'!E:E,0),0) -> 399.029 | AE94: =IF(N94=$AE$1,_xlfn.XLOOKUP(LEFT(B94,18)&C94&D94,'Form CT'!I:I,'Form CT'!D:D,0)+_xlfn.XLOOKUP(LEFT(B94,18)&C94&D94,'Form CT'!I:I,'Form CT'!E:E,0),0) -> 0 | AF94: =IF(N94=$AF$1,_xlfn.XLOOKUP(LEFT(B94,18)&C94&D94,'Form CT'!I:I,'Form CT'!D:D,0)+_xlfn.XLOOKUP(LEFT(B94,18)&C94&D94,'Form CT'!I:I,'Form CT'!E:E,0),0) -> 0 | AG94: =IF(OR( AND(MID(B94,2,2)="59", VALUE(MID(B94,11,2))>24), AND(LEFT(B94,4)="T521", VALUE(MID(B94,11,2))>62), LEFT(B94,4)="T523" ), "符合", "不符合") -> 不符合 | AH94: =_xlfn.XLOOKUP(TRIM(CLEAN(B94))&"-"&TRIM(CLEAN(C94))&"-"&TRIM(CLEAN(D94)),'KS2'!A:A,'KS2'!B:B,0) -> 0 | AI94: =IF(_xlfn.XLOOKUP(MID(B94,2,7)&"/"&MID(B94,10,3)&TRIM(D94)&MID(B94,15,4),Carouselwash!F:F,Carouselwash!I:I,0)=0,_xlfn.XLOOKUP((MID(C94,2,7)&"/"&MID(C94,10,3)&TRIM(D94)),Carouselwash!G:G,Carouselwash!I:I,0),_xlfn.XLOOKUP(MID(B94,2,7)&"/"&MID(B94,10,3)&TRIM(D94)&MID(B94,15,4),Carouselwash!F:F,Carouselwash!I:I,0)) -> 3
A95: 2627UM27 | B95: T523W476M035APE1007723 | C95: A523W476M035ASE100 | D95: S706 | E95: 2026-07-28 | F95: 23400 | G95: 2026-07-27 | H95: 2026-08-26 | I95: T523W | J95: 3 | K95: 0 | L95: WCU245343181-014 | M95: 4495.2 | N95: Y | O95: 0.14 | P95: 0.21 | Q95: 0.032 | R95: 0.015 | S95: 50 | T95: 26 | U95: 18 | V95: D30123BP7 | W95: 32 | X95: 69156.48 | Y95: 23400 | Z95: ANODE-KO | AA95: fixed,pass due | AB95: 3882487200-QTY:14832,pass due | AC95: 3882487199 | AD95: =IF(N95=$AD$1,_xlfn.XLOOKUP(LEFT(B95,18)&C95&D95,'Form CT'!I:I,'Form CT'!D:D,0)+_xlfn.XLOOKUP(LEFT(B95,18)&C95&D95,'Form CT'!I:I,'Form CT'!E:E,0),0) -> 0 | AE95: =IF(N95=$AE$1,_xlfn.XLOOKUP(LEFT(B95,18)&C95&D95,'Form CT'!I:I,'Form CT'!D:D,0)+_xlfn.XLOOKUP(LEFT(B95,18)&C95&D95,'Form CT'!I:I,'Form CT'!E:E,0),0) -> 1148.7496 | AF95: =IF(N95=$AF$1,_xlfn.XLOOKUP(LEFT(B95,18)&C95&D95,'Form CT'!I:I,'Form CT'!D:D,0)+_xlfn.XLOOKUP(LEFT(B95,18)&C95&D95,'Form CT'!I:I,'Form CT'!E:E,0),0) -> 0 | AG95: =IF(OR( AND(MID(B95,2,2)="59", VALUE(MID(B95,11,2))>24), AND(LEFT(B95,4)="T521", VALUE(MID(B95,11,2))>62), LEFT(B95,4)="T523" ), "符合", "不符合") -> 符合 | AH95: =_xlfn.XLOOKUP(TRIM(CLEAN(B95))&"-"&TRIM(CLEAN(C95))&"-"&TRIM(CLEAN(D95)),'KS2'!A:A,'KS2'!B:B,0) -> 5 | AI95: =IF(_xlfn.XLOOKUP(MID(B95,2,7)&"/"&MID(B95,10,3)&TRIM(D95)&MID(B95,15,4),Carouselwash!F:F,Carouselwash!I:I,0)=0,_xlfn.XLOOKUP((MID(C95,2,7)&"/"&MID(C95,10,3)&TRIM(D95)),Carouselwash!G:G,Carouselwash!I:I,0),_xlfn.XLOOKUP(MID(B95,2,7)&"/"&MID(B95,10,3)&TRIM(D95)&MID(B95,15,4),Carouselwash!F:F,Carouselwash!I:I,0)) -> 4
A96: 2627PH27 | B96: T521D107M025ATE0407280 | C96: A521D107M025ASALT2 | D96: FTW503 | E96: 2026-07-28 | F96: 28900 | G96: 2026-07-25 | H96: 2026-08-17 | I96: D | J96: 6 | K96: 4 | L96: WIJ+55043181-039 | M96: 5603.8 | N96: P | O96: 0.128 | P96: 0.17 | Q96: 0.064 | R96: 0.015 | S96: 50 | T96: 32 | U96: 18 | V96: S24143SXU3P | W96: 32 | X96: 34184.05 | Y96: 28800 | Z96: ANODE-KO | AA96: fixed,TopRunners,push out | AB96: pass due | AC96: 3882468226 | AD96: =IF(N96=$AD$1,_xlfn.XLOOKUP(LEFT(B96,18)&C96&D96,'Form CT'!I:I,'Form CT'!D:D,0)+_xlfn.XLOOKUP(LEFT(B96,18)&C96&D96,'Form CT'!I:I,'Form CT'!E:E,0),0) -> 582.32677 | AE96: =IF(N96=$AE$1,_xlfn.XLOOKUP(LEFT(B96,18)&C96&D96,'Form CT'!I:I,'Form CT'!D:D,0)+_xlfn.XLOOKUP(LEFT(B96,18)&C96&D96,'Form CT'!I:I,'Form CT'!E:E,0),0) -> 0 | AF96: =IF(N96=$AF$1,_xlfn.XLOOKUP(LEFT(B96,18)&C96&D96,'Form CT'!I:I,'Form CT'!D:D,0)+_xlfn.XLOOKUP(LEFT(B96,18)&C96&D96,'Form CT'!I:I,'Form CT'!E:E,0),0) -> 0 | AG96: =IF(OR( AND(MID(B96,2,2)="59", VALUE(MID(B96,11,2))>24), AND(LEFT(B96,4)="T521", VALUE(MID(B96,11,2))>62), LEFT(B96,4)="T523" ), "符合", "不符合") -> 不符合 | AH96: =_xlfn.XLOOKUP(TRIM(CLEAN(B96))&"-"&TRIM(CLEAN(C96))&"-"&TRIM(CLEAN(D96)),'KS2'!A:A,'KS2'!B:B,0) -> 0 | AI96: =IF(_xlfn.XLOOKUP(MID(B96,2,7)&"/"&MID(B96,10,3)&TRIM(D96)&MID(B96,15,4),Carouselwash!F:F,Carouselwash!I:I,0)=0,_xlfn.XLOOKUP((MID(C96,2,7)&"/"&MID(C96,10,3)&TRIM(D96)),Carouselwash!G:G,Carouselwash!I:I,0),_xlfn.XLOOKUP(MID(B96,2,7)&"/"&MID(B96,10,3)&TRIM(D96)&MID(B96,15,4),Carouselwash!F:F,Carouselwash!I:I,0)) -> 3
A97: 2628JH67 | B97: T598D477M2R5ATE006 | C97: A598V247M004AS | D97: TTS80 | E97: 2026-07-28 | F97: 42300 | G97: 2026-07-31 | H97: 2026-09-05 | I97: T59D 2 | J97: 14 | K97: 9 | L97: R8TE28649191-023 | M97: 2791.6 | N97: NGZ | O97: 0.065 | P97: 0.17 | Q97: 0.04 | R97: 0.0193 | S97: 50 | T97: 47 | U97: 18 | V97: S59112SJ4 | W97: 32 | X97: 20932.16 | Y97: 42300 | Z97: ANODE-KO | AA97: ,pull in | AB97: 3882573993-QTY:11955 | AC97: 3882573992 | AD97: =IF(N97=$AD$1,_xlfn.XLOOKUP(LEFT(B97,18)&C97&D97,'Form CT'!I:I,'Form CT'!D:D,0)+_xlfn.XLOOKUP(LEFT(B97,18)&C97&D97,'Form CT'!I:I,'Form CT'!E:E,0),0) -> 0 | AE97: =IF(N97=$AE$1,_xlfn.XLOOKUP(LEFT(B97,18)&C97&D97,'Form CT'!I:I,'Form CT'!D:D,0)+_xlfn.XLOOKUP(LEFT(B97,18)&C97&D97,'Form CT'!I:I,'Form CT'!E:E,0),0) -> 0 | AF97: =IF(N97=$AF$1,_xlfn.XLOOKUP(LEFT(B97,18)&C97&D97,'Form CT'!I:I,'Form CT'!D:D,0)+_xlfn.XLOOKUP(LEFT(B97,18)&C97&D97,'Form CT'!I:I,'Form CT'!E:E,0),0) -> 349.29693 | AG97: =IF(OR( AND(MID(B97,2,2)="59", VALUE(MID(B97,11,2))>24), AND(LEFT(B97,4)="T521", VALUE(MID(B97,11,2))>62), LEFT(B97,4)="T523" ), "符合", "不符合") -> #VALUE! | AH97: =_xlfn.XLOOKUP(TRIM(CLEAN(B97))&"-"&TRIM(CLEAN(C97))&"-"&TRIM(CLEAN(D97)),'KS2'!A:A,'KS2'!B:B,0) -> 0 | AI97: =IF(_xlfn.XLOOKUP(MID(B97,2,7)&"/"&MID(B97,10,3)&TRIM(D97)&MID(B97,15,4),Carouselwash!F:F,Carouselwash!I:I,0)=0,_xlfn.XLOOKUP((MID(C97,2,7)&"/"&MID(C97,10,3)&TRIM(D97)),Carouselwash!G:G,Carouselwash!I:I,0),_xlfn.XLOOKUP(MID(B97,2,7)&"/"&MID(B97,10,3)&TRIM(D97)&MID(B97,15,4),Carouselwash!F:F,Carouselwash!I:I,0)) -> 3
A98: 2627G767 | B98: T521T336M018APE0557659 | C98: A521T336M018ASTR01 | D98: FTW121KE | E98: 2026-07-28 | F98: 50754 | G98: 2026-07-28 | H98: 2026-08-19 | I98: T-A42 | J98: 10 | K98: 5 | L98: QOGQ1454A184-050 | M98: 1401.9 | N98: P | O98: 0.094 | P98: 0.076 | Q98: 0.0203 | R98: 0.0098 | S98: 60 | T98: 47 | U98: 18 | V98: S55152IXU2P | W98: 42 | X98: 66066.73 | Y98: 50760 | Z98: ANODE-KO | AA98: fixed,pull in | AC98: 3882421911 | AD98: =IF(N98=$AD$1,_xlfn.XLOOKUP(LEFT(B98,18)&C98&D98,'Form CT'!I:I,'Form CT'!D:D,0)+_xlfn.XLOOKUP(LEFT(B98,18)&C98&D98,'Form CT'!I:I,'Form CT'!E:E,0),0) -> 770.01657 | AE98: =IF(N98=$AE$1,_xlfn.XLOOKUP(LEFT(B98,18)&C98&D98,'Form CT'!I:I,'Form CT'!D:D,0)+_xlfn.XLOOKUP(LEFT(B98,18)&C98&D98,'Form CT'!I:I,'Form CT'!E:E,0),0) -> 0 | AF98: =IF(N98=$AF$1,_xlfn.XLOOKUP(LEFT(B98,18)&C98&D98,'Form CT'!I:I,'Form CT'!D:D,0)+_xlfn.XLOOKUP(LEFT(B98,18)&C98&D98,'Form CT'!I:I,'Form CT'!E:E,0),0) -> 0 | AG98: =IF(OR( AND(MID(B98,2,2)="59", VALUE(MID(B98,11,2))>24), AND(LEFT(B98,4)="T521", VALUE(MID(B98,11,2))>62), LEFT(B98,4)="T523" ), "符合", "不符合") -> 不符合 | AH98: =_xlfn.XLOOKUP(TRIM(CLEAN(B98))&"-"&TRIM(CLEAN(C98))&"-"&TRIM(CLEAN(D98)),'KS2'!A:A,'KS2'!B:B,0) -> 0 | AI98: =IF(_xlfn.XLOOKUP(MID(B98,2,7)&"/"&MID(B98,10,3)&TRIM(D98)&MID(B98,15,4),Carouselwash!F:F,Carouselwash!I:I,0)=0,_xlfn.XLOOKUP((MID(C98,2,7)&"/"&MID(C98,10,3)&TRIM(D98)),Carouselwash!G:G,Carouselwash!I:I,0),_xlfn.XLOOKUP(MID(B98,2,7)&"/"&MID(B98,10,3)&TRIM(D98)&MID(B98,15,4),Carouselwash!F:F,Carouselwash!I:I,0)) -> 3
A99: 2628SY17 | B99: T521T336M018APE0557659 | C99: A521T336M018ASTR01 | D99: FTW121KE | E99: 2026-07-28 | F99: 50760 | G99: 2026-07-28 | H99: 2026-08-19 | I99: T-A42 | J99: 10 | K99: 5 | L99: QOGQ1454A187-036 | M99: 1368.1 | N99: P | O99: 0.094 | P99: 0.076 | Q99: 0.0203 | R99: 0.0098 | S99: 60 | T99: 47 | U99: 18 | V99: S55152IXU2P | W99: 42 | X99: 66066.73 | Y99: 50760 | Z99: ANODE-KO | AA99: fixed,pull in | AC99: 3882421911 | AD99: =IF(N99=$AD$1,_xlfn.XLOOKUP(LEFT(B99,18)&C99&D99,'Form CT'!I:I,'Form CT'!D:D,0)+_xlfn.XLOOKUP(LEFT(B99,18)&C99&D99,'Form CT'!I:I,'Form CT'!E:E,0),0) -> 770.01657 | AE99: =IF(N99=$AE$1,_xlfn.XLOOKUP(LEFT(B99,18)&C99&D99,'Form CT'!I:I,'Form CT'!D:D,0)+_xlfn.XLOOKUP(LEFT(B99,18)&C99&D99,'Form CT'!I:I,'Form CT'!E:E,0),0) -> 0 | AF99: =IF(N99=$AF$1,_xlfn.XLOOKUP(LEFT(B99,18)&C99&D99,'Form CT'!I:I,'Form CT'!D:D,0)+_xlfn.XLOOKUP(LEFT(B99,18)&C99&D99,'Form CT'!I:I,'Form CT'!E:E,0),0) -> 0 | AG99: =IF(OR( AND(MID(B99,2,2)="59", VALUE(MID(B99,11,2))>24), AND(LEFT(B99,4)="T521", VALUE(MID(B99,11,2))>62), LEFT(B99,4)="T523" ), "符合", "不符合") -> 不符合 | AH99: =_xlfn.XLOOKUP(TRIM(CLEAN(B99))&"-"&TRIM(CLEAN(C99))&"-"&TRIM(CLEAN(D99)),'KS2'!A:A,'KS2'!B:B,0) -> 0 | AI99: =IF(_xlfn.XLOOKUP(MID(B99,2,7)&"/"&MID(B99,10,3)&TRIM(D99)&MID(B99,15,4),Carouselwash!F:F,Carouselwash!I:I,0)=0,_xlfn.XLOOKUP((MID(C99,2,7)&"/"&MID(C99,10,3)&TRIM(D99)),Carouselwash!G:G,Carouselwash!I:I,0),_xlfn.XLOOKUP(MID(B99,2,7)&"/"&MID(B99,10,3)&TRIM(D99)&MID(B99,15,4),Carouselwash!F:F,Carouselwash!I:I,0)) -> 3
A100: 2627Y957 | B100: T521D107M025ATE0407280 | C100: A521D107M025ASALT2 | D100: FTW503 | E100: 2026-07-28 | F100: 28519 | G100: 2026-07-25 | H100: 2026-08-17 | I100: D | J100: 6 | K100: 4 | L100: WIJ+55043184-010 | M100: 5724 | N100: P | O100: 0.128 | P100: 0.17 | Q100: 0.064 | R100: 0.015 | S100: 50 | T100: 32 | U100: 18 | V100: S24143SXU3P | W100: 32 | X100: 34184.05 | Y100: 28800 | Z100: ANODE-KO | AA100: fixed,TopRunners,push out | AB100: pass due | AC100: 3882468223 | AD100: =IF(N100=$AD$1,_xlfn.XLOOKUP(LEFT(B100,18)&C100&D100,'Form CT'!I:I,'Form CT'!D:D,0)+_xlfn.XLOOKUP(LEFT(B100,18)&C100&D100,'Form CT'!I:I,'Form CT'!E:E,0),0) -> 582.32677 | AE100: =IF(N100=$AE$1,_xlfn.XLOOKUP(LEFT(B100,18)&C100&D100,'Form CT'!I:I,'Form CT'!D:D,0)+_xlfn.XLOOKUP(LEFT(B100,18)&C100&D100,'Form CT'!I:I,'Form CT'!E:E,0),0) -> 0 | AF100: =IF(N100=$AF$1,_xlfn.XLOOKUP(LEFT(B100,18)&C100&D100,'Form CT'!I:I,'Form CT'!D:D,0)+_xlfn.XLOOKUP(LEFT(B100,18)&C100&D100,'Form CT'!I:I,'Form CT'!E:E,0),0) -> 0 | AG100: =IF(OR( AND(MID(B100,2,2)="59", VALUE(MID(B100,11,2))>24), AND(LEFT(B100,4)="T521", VALUE(MID(B100,11,2))>62), LEFT(B100,4)="T523" ), "符合", "不符合") -> 不符合 | AH100: =_xlfn.XLOOKUP(TRIM(CLEAN(B100))&"-"&TRIM(CLEAN(C100))&"-"&TRIM(CLEAN(D100)),'KS2'!A:A,'KS2'!B:B,0) -> 0 | AI100: =IF(_xlfn.XLOOKUP(MID(B100,2,7)&"/"&MID(B100,10,3)&TRIM(D100)&MID(B100,15,4),Carouselwash!F:F,Carouselwash!I:I,0)=0,_xlfn.XLOOKUP((MID(C100,2,7)&"/"&MID(C100,10,3)&TRIM(D100)),Carouselwash!G:G,Carouselwash!I:I,0),_xlfn.XLOOKUP(MID(B100,2,7)&"/"&MID(B100,10,3)&TRIM(D100)&MID(B100,15,4),Carouselwash!F:F,Carouselwash!I:I,0)) -> 3
A101: 2628I467 | B101: T598D337M006AT4143 | C101: A598D337M006AS | D101: KBP55 | E101: 2026-07-28 | F101: 20341 | G101: 2026-07-28 | H101: 2026-09-02 | I101: T59D 1 | J101: 8 | K101: 5 | L101: XLPJ61043191-012 | M101: 5832.6 | N101: NGZ | O101: 0.128 | P101: 0.185 | Q101: 0.062 | R101: 0.015 | S101: 50 | T101: 37 | U101: 18 | V101: S35113SP | W101: 32 | X101: 26236.47 | Y101: 33300 | Z101: ANODE-INSP | AA101: fixed,TopRunners,pull in | AC101: 3882577240 | AD101: =IF(N101=$AD$1,_xlfn.XLOOKUP(LEFT(B101,18)&C101&D101,'Form CT'!I:I,'Form CT'!D:D,0)+_xlfn.XLOOKUP(LEFT(B101,18)&C101&D101,'Form CT'!I:I,'Form CT'!E:E,0),0) -> 0 | AE101: =IF(N101=$AE$1,_xlfn.XLOOKUP(LEFT(B101,18)&C101&D101,'Form CT'!I:I,'Form CT'!D:D,0)+_xlfn.XLOOKUP(LEFT(B101,18)&C101&D101,'Form CT'!I:I,'Form CT'!E:E,0),0) -> 0 | AF101: =IF(N101=$AF$1,_xlfn.XLOOKUP(LEFT(B101,18)&C101&D101,'Form CT'!I:I,'Form CT'!D:D,0)+_xlfn.XLOOKUP(LEFT(B101,18)&C101&D101,'Form CT'!I:I,'Form CT'!E:E,0),0) -> 442.91429 | AG101: =IF(OR( AND(MID(B101,2,2)="59", VALUE(MID(B101,11,2))>24), AND(LEFT(B101,4)="T521", VALUE(MID(B101,11,2))>62), LEFT(B101,4)="T523" ), "符合", "不符合") -> 不符合 | AH101: =_xlfn.XLOOKUP(TRIM(CLEAN(B101))&"-"&TRIM(CLEAN(C101))&"-"&TRIM(CLEAN(D101)),'KS2'!A:A,'KS2'!B:B,0) -> 0 | AI101: =IF(_xlfn.XLOOKUP(MID(B101,2,7)&"/"&MID(B101,10,3)&TRIM(D101)&MID(B101,15,4),Carouselwash!F:F,Carouselwash!I:I,0)=0,_xlfn.XLOOKUP((MID(C101,2,7)&"/"&MID(C101,10,3)&TRIM(D101)),Carouselwash!G:G,Carouselwash!I:I,0),_xlfn.XLOOKUP(MID(B101,2,7)&"/"&MID(B101,10,3)&TRIM(D101)&MID(B101,15,4),Carouselwash!F:F,Carouselwash!I:I,0)) -> 3
A102: 2627GJ67 | B102: T521T336M018APE0557659 | C102: A521T336M018ASTR01 | D102: FTW121KE | E102: 2026-07-28 | F102: 50760 | G102: 2026-07-28 | H102: 2026-08-19 | I102: T-A42 | J102: 10 | K102: 5 | L102: QOGQ1454A184-062 | M102: 1391.8 | N102: P | O102: 0.094 | P102: 0.076 | Q102: 0.0203 | R102: 0.0098 | S102: 60 | T102: 47 | U102: 18 | V102: S55152IXU2P | W102: 42 | X102: 66066.73 | Y102: 50760 | Z102: ANODE-KO | AA102: fixed,pull in | AC102: 3882421911 | AD102: =IF(N102=$AD$1,_xlfn.XLOOKUP(LEFT(B102,18)&C102&D102,'Form CT'!I:I,'Form CT'!D:D,0)+_xlfn.XLOOKUP(LEFT(B102,18)&C102&D102,'Form CT'!I:I,'Form CT'!E:E,0),0) -> 770.01657 | AE102: =IF(N102=$AE$1,_xlfn.XLOOKUP(LEFT(B102,18)&C102&D102,'Form CT'!I:I,'Form CT'!D:D,0)+_xlfn.XLOOKUP(LEFT(B102,18)&C102&D102,'Form CT'!I:I,'Form CT'!E:E,0),0) -> 0 | AF102: =IF(N102=$AF$1,_xlfn.XLOOKUP(LEFT(B102,18)&C102&D102,'Form CT'!I:I,'Form CT'!D:D,0)+_xlfn.XLOOKUP(LEFT(B102,18)&C102&D102,'Form CT'!I:I,'Form CT'!E:E,0),0) -> 0 | AG102: =IF(OR( AND(MID(B102,2,2)="59", VALUE(MID(B102,11,2))>24), AND(LEFT(B102,4)="T521", VALUE(MID(B102,11,2))>62), LEFT(B102,4)="T523" ), "符合", "不符合") -> 不符合 | AH102: =_xlfn.XLOOKUP(TRIM(CLEAN(B102))&"-"&TRIM(CLEAN(C102))&"-"&TRIM(CLEAN(D102)),'KS2'!A:A,'KS2'!B:B,0) -> 0 | AI102: =IF(_xlfn.XLOOKUP(MID(B102,2,7)&"/"&MID(B102,10,3)&TRIM(D102)&MID(B102,15,4),Carouselwash!F:F,Carouselwash!I:I,0)=0,_xlfn.XLOOKUP((MID(C102,2,7)&"/"&MID(C102,10,3)&TRIM(D102)),Carouselwash!G:G,Carouselwash!I:I,0),_xlfn.XLOOKUP(MID(B102,2,7)&"/"&MID(B102,10,3)&TRIM(D102)&MID(B102,15,4),Carouselwash!F:F,Carouselwash!I:I,0)) -> 3
...

Sheet Details
A1: anodeLotID | B1: partNumber | C1: component | D1: powderName | E1: planDate | F1: quantity | G1: startDate | H1: needDate | I1: category | J1: ecpCycle | K1: rCycle | L1: uano | M1: cv | N1: electrolyteType | O1: width | P1: length | Q1: thickness | R1: wiresize | S1: barsPerLid | T1: piecesPerBar | U1: lidRequest | V1: ecpRoute | W1: up | X1: formationCT | Y1: batchSize | Z1: subInventory | AA1: comments | AB1: notes | AC1: orderNumber
A2: 2628IF67 | B2: T598D337M006AT41437280 | C2: A598D337M006AS | D2: KBP55 | E2: 2026-07-29 | F2: 20334 | G2: 2026-07-24 | H2: 2026-08-29 | I2: T59D 1 | J2: 8 | K2: 5 | L2: XLPJ61043191-023 | M2: 5896.7 | N2: NGZ | O2: 0.128 | P2: 0.185 | Q2: 0.062 | R2: 0.015 | S2: 50 | T2: 37 | U2: 18 | V2: S35113SP | W2: 32 | X2: 26125.24 | Y2: 33300 | Z2: ANODE-INSP | AA2: fixed,TopRunners,push out | AB2: pass due | AC2: 3882507304
A3: 2628DJ67 | B3: T521D106M050ATE0907654 | C3: A521D106M050ASE060 | D3: FTP150 | E3: 2026-07-28 | F3: 16199 | G3: 2026-08-08 | H3: 2026-08-28 | I3: D | J3: 2 | K3: 0 | L3: WB4R16643191-014 | M3: 1676.4 | N3: Y | O3: 0.122 | P3: 0.18 | Q3: 0.056 | R3: 0.015 | S3: 35 | T3: 26 | U3: 18 | V3: X20104BP6 | W3: 32 | X3: 57063.87 | Y3: 16380 | Z3: Intransit | AA3: fixed,TopRunners,pull in | AC3: 3882464174
A4: 2628X417 | B4: T598D476M016ATE070 | C4: A598D476M016AS | D4: TTS50 | E4: 2026-07-29 | F4: 29328 | G4: 2026-07-25 | H4: 2026-08-24 | I4: T59D 1 | J4: 7 | K4: 4 | L4: WI/M3014K187-006 | M4: 3057.8 | N4: P | O4: 0.128 | P4: 0.17 | Q4: 0.033 | R4: 0.015 | S4: 50 | T4: 37 | U4: 18 | V4: S34143XSU2P | W4: 32 | X4: 41472.99 | Y4: 33300 | Z4: ANODE-KO | AA4: fixed,pass due,push out | AB4: 3882577024-QTY:16836,pass due | AC4: 3882577023
A5: 2628KN57 | B5: T520B157M006ATE0707028 | C5: A520B157M006ASMHSP | D5: S15MB | E5: 2026-07-28 | F5: 50694 | G5: 2026-08-03 | H5: 2026-08-22 | I5: B | J5: 9 | K5: 5 | L5: Q46R2254D191-001 | M5: 2150.3 | N5: P | O5: 0.089 | P5: 0.054 | Q5: 0.041 | R5: 0.0118 | S5: 60 | T5: 47 | U5: 18 | V5: S45103XNU2P | W5: 42 | X5: 45705.58 | Y5: 50760 | Z5: Intransit | AA5: ,pull in | AB5: 3882422094-QTY:15115 | AC5: 3882422093
A6: 2628LS67 | B6: T598D337M006AT4143 | C6: A598D337M006AS | D6: KBP55 | E6: 2026-07-29 | F6: 20321 | G6: 2026-07-28 | H6: 2026-09-02 | I6: T59D 1 | J6: 8 | K6: 5 | L6: XLPJ61043191-034 | M6: 5883.9 | N6: NGZ | O6: 0.128 | P6: 0.185 | Q6: 0.062 | R6: 0.015 | S6: 50 | T6: 37 | U6: 18 | V6: S35113SP | W6: 32 | X6: 26236.47 | Y6: 33300 | Z6: ANODE-INSP | AA6: fixed,TopRunners | AB6: pass due | AC6: 3882577240
A7: 2629KG47 | B7: T521D106M050ATE0907654 | C7: A521D106M050ASE060 | D7: FTP150 | E7: 2026-07-28 | F7: 16165 | G7: 2026-08-08 | H7: 2026-08-28 | I7: D | J7: 2 | K7: 0 | L7: WB4R16643197-005 | M7: 1745 | N7: Y | O7: 0.122 | P7: 0.18 | Q7: 0.056 | R7: 0.015 | S7: 35 | T7: 26 | U7: 18 | V7: X20104BP6 | W7: 32 | X7: 57063.87 | Y7: 16380 | Z7: Intransit | AA7: fixed,TopRunners,pull in | AC7: 3882464174
A8: 2629JW57 | B8: T521T106M025ATE0607652 | C8: A521T106M025AS | D8: FTW700 | E8: 2026-07-28 | F8: 50760 | G8: 2026-08-09 | H8: 2026-08-29 | I8: T-G | J8: 5 | K8: 0 | L8: QPSO6083A198-002 | M8: 584.4 | N8: P | O8: 0.094 | P8: 0.07 | Q8: 0.019 | R8: 0.0098 | S8: 60 | T8: 47 | U8: 18 | V8: S50123BP6 | W8: 42 | X8: 42804.22 | Y8: 50760 | Z8: Intransit | AA8: ,pull in | AC8: 3882475903
A9: 2628LN67 | B9: T598D227M2R5ATE009 | C9: A598D227M004AS | D9: KBP55 | E9: 2026-07-29 | F9: 32703 | G9: 2026-07-26 | H9: 2026-08-25 | I9: T59D 1 | J9: 13 | K9: 8 | L9: NC5B34549191-001 | M9: 3425.4 | N9: NGZ | O9: 0.14 | P9: 0.19 | Q9: 0.036 | R9: 0.0193 | S9: 50 | T9: 37 | U9: 18 | V9: S58112SJ | W9: 32 | X9: 22819.76 | Y9: 33300 | Z9: ANODE-KO | AA9: fixed,pass due,push out | AB9: 3882430210-QTY:11609,pass due | AC9: 3882430209
A10: 2629QH17 | B10: T521X226M050ATE075 | C10: A521V116M050AS | D10: FTP200 | E10: 2026-07-28 | F10: 16310 | G10: 2026-08-06 | H10: 2026-09-01 | I10: T521X | J10: 2 | K10: 0 | L10: TZ.D20643194-002 | M10: 2010.3 | N10: Y | O10: 0.122 | P10: 0.18 | Q10: 0.047 | R10: 0.015 | S10: 35 | T10: 26 | U10: 18 | V10: X20113V3EP5 | W10: 32 | X10: 55689.84 | Y10: 16380 | Z10: Intransit | AA10: ,pull in | AB10: 3882481921-QTY:770 | AC10: 3882481920
A11: 2628QC37 | B11: T598D477M2R5ATE006 | C11: A598V247M004AS | D11: TTS80 | E11: 2026-07-28 | F11: 40428 | G11: 2026-08-01 | H11: 2026-09-06 | I11: T59D 2 | J11: 14 | K11: 9 | L11: R8TE28649189-015 | M11: 2821.6 | N11: NGZ | O11: 0.065 | P11: 0.17 | Q11: 0.04 | R11: 0.0193 | S11: 50 | T11: 47 | U11: 18 | V11: S59112SJ4 | W11: 32 | X11: 20932.16 | Y11: 42300 | Z11: ANODE-KO | AA11: ,pull in | AC11: 3882573994
A12: 2627SV67 | B12: T598D687M2R5ATE006 | C12: A598V347M2R5AS | D12: KBP86 | E12: 2026-07-28 | F12: 42300 | G12: 2026-07-31 | H12: 2026-09-08 | I12: T59D 2 | J12: 14 | K12: 9 | L12: R8KZ34849184-001 | M12: 3588.8 | N12: NGZ | O12: 0.065 | P12: 0.17 | Q12: 0.046 | R12: 0.0193 | S12: 50 | T12: 47 | U12: 18 | V12: S59112SJ4 | W12: 32 | X12: 33606.44 | Y12: 42300 | Z12: ANODE-KO | AA12: fixed,TopRunners,pull in | AC12: 3882411404
A13: 2628PW17 | B13: T521D107M025ATE040 | C13: A521D107M025ASMHSP | D13: TTS50 | E13: 2026-07-28 | F13: 28832 | G13: 2026-07-30 | H13: 2026-08-19 | I13: D | J13: 6 | K13: 4 | L13: WIV$55043187-046 | M13: 5729.8 | N13: P | O13: 0.128 | P13: 0.17 | Q13: 0.064 | R13: 0.015 | S13: 50 | T13: 32 | U13: 18 | V13: S24143SXU3P | W13: 32 | X13: 34325.82 | Y13: 28800 | Z13: ANODE-KO | AA13: fixed,TopRunners,pull in | AC13: 3882472840
A14: 2628G767 | B14: T523W476M035APE100 | C14: A523W476M035ASE100 | D14: S706 | E14: 2026-07-28 | F14: 23390 | G14: 2026-08-03 | H14: 2026-09-02 | I14: T523W | J14: 3 | K14: 0 | L14: WCU245343191-009 | M14: 4476.8 | N14: Y | O14: 0.14 | P14: 0.21 | Q14: 0.032 | R14: 0.015 | S14: 50 | T14: 26 | U14: 18 | V14: D30123BP7 | W14: 32 | X14: 68186.45 | Y14: 23400 | Z14: ANODE-KO | AA14: ,pull in | AB14: 3882488094-QTY:17381 | AC14: 3882488093
A15: 2627GS67 | B15: T521T336M018APE0557659 | C15: A521T336M018ASTR01 | D15: FTW121KR | E15: 2026-07-28 | F15: 50605 | G15: 2026-07-28 | H15: 2026-08-19 | I15: T-A42 | J15: 10 | K15: 5 | L15: QOGQ1454A184-071 | M15: 1409.2 | N15: P | O15: 0.094 | P15: 0.076 | Q15: 0.0203 | R15: 0.0098 | S15: 60 | T15: 47 | U15: 18 | V15: S55152IXU2P | W15: 42 | X15: 66066.73 | Y15: 50760 | Z15: ANODE-KO | AA15: fixed,pull in | AC15: 3882421911
A16: 2626KW47 | B16: T521T336M018APE0557659 | C16: A521T336M018ASTR01 | D16: FTW121KR | E16: 2026-07-28 | F16: 50474 | G16: 2026-07-28 | H16: 2026-08-19 | I16: T-A42 | J16: 10 | K16: 5 | L16: QOGQ1454A176-009 | M16: 1426.7 | N16: P | O16: 0.094 | P16: 0.076 | Q16: 0.0203 | R16: 0.0098 | S16: 60 | T16: 47 | U16: 18 | V16: S55152IXU2P | W16: 42 | X16: 66066.73 | Y16: 50760 | Z16: ANODE-KO | AA16: fixed,pull in | AC16: 3882421911
A17: 2628PM17 | B17: T521D107M025ATE040 | C17: A521D107M025ASMHSP | D17: TTS50 | E17: 2026-07-28 | F17: 28812 | G17: 2026-07-30 | H17: 2026-08-19 | I17: D | J17: 6 | K17: 4 | L17: WIV$55043187-036 | M17: 5758.6 | N17: P | O17: 0.128 | P17: 0.17 | Q17: 0.064 | R17: 0.015 | S17: 50 | T17: 32 | U17: 18 | V17: S24143SXU3P | W17: 32 | X17: 34325.82 | Y17: 28800 | Z17: ANODE-KO | AA17: fixed,TopRunners,pull in | AC17: 3882472838
A18: 2626SE57 | B18: T521D107M025ATE0407280 | C18: A521D107M025ASALT2 | D18: FTW503 | E18: 2026-07-28 | F18: 28900 | G18: 2026-07-25 | H18: 2026-08-17 | I18: D | J18: 6 | K18: 4 | L18: WIJ+55043177-033 | M18: 5661.2 | N18: P | O18: 0.128 | P18: 0.17 | Q18: 0.064 | R18: 0.015 | S18: 50 | T18: 32 | U18: 18 | V18: S24143SXU3P | W18: 32 | X18: 34184.05 | Y18: 28800 | Z18: ANODE-KO | AA18: fixed,TopRunners,push out | AB18: pass due | AC18: 3882468231
A19: 2627WJ27 | B19: T598D687M2R5ATE006 | C19: A598V347M2R5AS | D19: KBP86 | E19: 2026-07-28 | F19: 42300 | G19: 2026-07-31 | H19: 2026-09-08 | I19: T59D 2 | J19: 14 | K19: 9 | L19: R8KZ34849181-005 | M19: 3615.9 | N19: NGZ | O19: 0.065 | P19: 0.17 | Q19: 0.046 | R19: 0.0193 | S19: 50 | T19: 47 | U19: 18 | V19: S59112SJ4 | W19: 32 | X19: 33606.44 | Y19: 42300 | Z19: ANODE-KO | AA19: fixed,TopRunners,pull in | AC19: 3882411404
A20: 2628JF67 | B20: T598D477M2R5ATE006 | C20: A598V247M004AS | D20: TTS80 | E20: 2026-07-28 | F20: 42300 | G20: 2026-08-01 | H20: 2026-09-06 | I20: T59D 2 | J20: 14 | K20: 9 | L20: R8TE28649191-021 | M20: 2672.7 | N20: NGZ | O20: 0.065 | P20: 0.17 | Q20: 0.04 | R20: 0.0193 | S20: 50 | T20: 47 | U20: 18 | V20: S59112SJ4 | W20: 32 | X20: 20932.16 | Y20: 42300 | Z20: ANODE-KO | AA20: ,pull in | AB20: 3882573997-QTY:27396 | AC20: 3882573996
A21: 2627KE47 | B21: T523W476M035APE1007723 | C21: A523W476M035ASE100 | D21: S706 | E21: 2026-07-28 | F21: 23400 | G21: 2026-07-27 | H21: 2026-08-26 | I21: T523W | J21: 3 | K21: 0 | L21: WCU245343183-026 | M21: 4520.3 | N21: Y | O21: 0.14 | P21: 0.21 | Q21: 0.032 | R21: 0.015 | S21: 50 | T21: 26 | U21: 18 | V21: D30123BP7 | W21: 32 | X21: 69156.48 | Y21: 23400 | Z21: ANODE-KO | AA21: fixed,pass due | AB21: 3882487204-QTY:16389,pass due | AC21: 3882487203
A22: 2629K227 | B22: T523W476M035APE100 | C22: A523W476M035ASE100 | D22: S706 | E22: 2026-07-28 | F22: 23400 | G22: 2026-08-01 | H22: 2026-08-31 | I22: T523W | J22: 3 | K22: 0 | L22: WCU245343195-003 | M22: 4464.7 | N22: Y | O22: 0.14 | P22: 0.21 | Q22: 0.032 | R22: 0.015 | S22: 50 | T22: 26 | U22: 18 | V22: D30123BP7 | W22: 32 | X22: 68186.45 | Y22: 23400 | Z22: ANODE-KO | AA22: ,pull in | AB22: 3882488091-QTY:3561 | AC22: 3882488090
A23: 2629DL27 | B23: T521D106M050ATE0907654 | C23: A521D106M050ASE060 | D23: FTP150 | E23: 2026-07-28 | F23: 16322 | G23: 2026-08-08 | H23: 2026-08-28 | I23: D | J23: 2 | K23: 0 | L23: WB4R16643195-005 | M23: 1697.8 | N23: Y | O23: 0.122 | P23: 0.18 | Q23: 0.056 | R23: 0.015 | S23: 35 | T23: 26 | U23: 18 | V23: X20104BP6 | W23: 32 | X23: 57063.87 | Y23: 16380 | Z23: Intransit | AA23: fixed,TopRunners,pull in | AC23: 3882464173
A24: 2628PL37 | B24: T530D337M006ATE006 | C24: A530V117M006ASE006 | D24: KBP76 | E24: 2026-07-28 | F24: 42266 | G24: 2026-07-30 | H24: 2026-08-26 | I24: T530D 3 | J24: 14 | K24: 9 | L24: VK/S21943189-006 | M24: 2158.2 | N24: NGZ | O24: 0.07 | P24: 0.19 | Q24: 0.031 | R24: 0.015 | S24: 50 | T24: 47 | U24: 18 | V24: S59113 | W24: 32 | X24: 22695.61 | Y24: 42300 | Z24: ANODE-KO | AA24: ,pull in | AB24: 3882499346-QTY:17623 | AC24: 3882499345
A25: 2628GZ37 | B25: T520Y477M006ATE010 | C25: A520V227M006ASMHSM | D25: KBP86 | E25: 2026-07-28 | F25: 43000 | G25: 2026-07-30 | H25: 2026-08-22 | I25: T530Y | J25: 8 | K25: 5 | L25: SWWN35843189-001 | M25: 3549.6 | N25: NGZ | O25: 0.098 | P25: 0.163 | Q25: 0.033 | R25: 0.015 | S25: 60 | T25: 42 | U25: 18 | V25: S35103SXU2P | W25: 32 | X25: 25484.15 | Y25: 45360 | Z25: ANODE-KO | AA25: ,pull in | AB25: 3882459479-QTY:27827 | AC25: 3882459478
A26: 2628OW37 | B26: T523W476M035APE100 | C26: A523W476M035ASE100 | D26: S706 | E26: 2026-07-28 | F26: 23400 | G26: 2026-08-01 | H26: 2026-08-31 | I26: T523W | J26: 3 | K26: 0 | L26: WCU245343189-002 | M26: 4485.2 | N26: Y | O26: 0.14 | P26: 0.21 | Q26: 0.032 | R26: 0.015 | S26: 50 | T26: 26 | U26: 18 | V26: D30123BP7 | W26: 32 | X26: 68186.45 | Y26: 23400 | Z26: ANODE-KO | AA26: ,pull in | AB26: 3882488092-QTY:16595 | AC26: 3882488091
A27: 2628BI27 | B27: T520B227M006ATE025 | C27: A520B227M006ASMHSP | D27: STA156KA | E27: 2026-07-28 | F27: 48679 | G27: 2026-08-04 | H27: 2026-08-23 | I27: B | J27: 10 | K27: 5 | L27: QMND2934D188-001 | M27: 2585 | N27: P | O27: 0.089 | P27: 0.064 | Q27: 0.041 | R27: 0.0118 | S27: 60 | T27: 47 | U27: 18 | V27: S55103XNU2P | W27: 42 | X27: 42929.6 | Y27: 50760 | Z27: ANODE-INSP | AA27: ,pull in | AB27: 3882425829-QTY:7385 | AC27: 3882425828
A28: 2628VO17 | B28: T523W476M035APE1007723 | C28: A523W476M035ASE100 | D28: S706 | E28: 2026-07-28 | F28: 23384 | G28: 2026-07-27 | H28: 2026-08-26 | I28: T523W | J28: 3 | K28: 0 | L28: WCU245343187-003 | M28: 4560.7 | N28: Y | O28: 0.14 | P28: 0.21 | Q28: 0.032 | R28: 0.015 | S28: 50 | T28: 26 | U28: 18 | V28: D30123BP7 | W28: 32 | X28: 69156.48 | Y28: 23400 | Z28: ANODE-KO | AA28: fixed,pass due | AB28: 3882487202-QTY:15589,pass due | AC28: 3882487201
A29: 2627HZ47 | B29: T521T336M018APE0557659 | C29: A521T336M018ASTR01 | D29: FTW121KR | E29: 2026-07-28 | F29: 50760 | G29: 2026-07-28 | H29: 2026-08-19 | I29: T-A42 | J29: 10 | K29: 5 | L29: QOGQ1454A183-024 | M29: 1427.8 | N29: P | O29: 0.094 | P29: 0.076 | Q29: 0.0203 | R29: 0.0098 | S29: 60 | T29: 47 | U29: 18 | V29: S55152IXU2P | W29: 42 | X29: 66066.73 | Y29: 50760 | Z29: ANODE-KO | AA29: fixed,pull in | AC29: 3882421911
A30: 2628P347 | B30: T523W476M035APE1007723 | C30: A523W476M035ASE100 | D30: S706 | E30: 2026-07-28 | F30: 23328 | G30: 2026-07-27 | H30: 2026-08-26 | I30: T523W | J30: 3 | K30: 0 | L30: WCU245343190-012 | M30: 4539 | N30: Y | O30: 0.14 | P30: 0.21 | Q30: 0.032 | R30: 0.015 | S30: 50 | T30: 26 | U30: 18 | V30: D30123BP7 | W30: 32 | X30: 69156.48 | Y30: 23400 | Z30: ANODE-KO | AA30: fixed,pass due | AB30: 3882487198-QTY:14032,pass due | AC30: 3882487197
A31: 2628I727 | B31: T521D227M016ATE050 | C31: A521D227M016AS | D31: FTW102K | E31: 2026-07-28 | F31: 16380 | G31: 2026-07-30 | H31: 2026-08-22 | I31: D | J31: 8 | K31: 4 | L31: WI6$80143188-006 | M31: 8302.4 | N31: P | O31: 0.128 | P31: 0.17 | Q31: 0.05 | R31: 0.015 | S31: 35 | T31: 26 | U31: 18 | V31: S44143SXDU2P | W31: 32 | X31: 41186.27 | Y31: 16380 | Z31: ANODE-KO | AA31: ,pull in | AB31: 3882466557,3882466558-QTY:15104 | AC31: 3882466556
A32: 2628Q317 | B32: T521D107M025ATE040 | C32: A521D107M025ASMHSP | D32: TTS50 | E32: 2026-07-28 | F32: 28900 | G32: 2026-07-30 | H32: 2026-08-19 | I32: D | J32: 6 | K32: 4 | L32: WIV$55043187-052 | M32: 5699.1 | N32: P | O32: 0.128 | P32: 0.17 | Q32: 0.064 | R32: 0.015 | S32: 50 | T32: 32 | U32: 18 | V32: S24143SXU3P | W32: 32 | X32: 34325.82 | Y32: 28800 | Z32: ANODE-KO | AA32: fixed,TopRunners,pull in | AC32: 3882472844
A33: 2627HR47 | B33: T521T336M018APE0557659 | C33: A521T336M018ASTR01 | D33: FTW121KR | E33: 2026-07-28 | F33: 50760 | G33: 2026-07-28 | H33: 2026-08-19 | I33: T-A42 | J33: 10 | K33: 5 | L33: QOGQ1454A183-016 | M33: 1397.3 | N33: P | O33: 0.094 | P33: 0.076 | Q33: 0.0203 | R33: 0.0098 | S33: 60 | T33: 47 | U33: 18 | V33: S55152IXU2P | W33: 42 | X33: 66066.73 | Y33: 50760 | Z33: ANODE-KO | AA33: fixed,pull in | AC33: 3882421911
A34: 2628PO37 | B34: T530X158M2R5ATE005 | C34: A530V477M2R5ASE005 | D34: KBP76 | E34: 2026-07-28 | F34: 33300 | G34: 2026-07-27 | H34: 2026-08-22 | I34: T530X | J34: 14 | K34: 9 | L34: XLR.44549189-002 | M34: 4485.5 | N34: P | O34: 0.128 | P34: 0.185 | Q34: 0.032 | R34: 0.0193 | S34: 50 | T34: 37 | U34: 18 | V34: S59113SJ | W34: 32 | X34: 20664.46 | Y34: 33300 | Z34: ANODE-KO | AA34: fixed,TopRunners | AB34: pass due | AC34: 3882502042
A35: 2628EU57 | B35: T521D227M016ATE050 | C35: A521D227M016AS | D35: FTW102K | E35: 2026-07-28 | F35: 16369 | G35: 2026-07-30 | H35: 2026-08-22 | I35: D | J35: 8 | K35: 4 | L35: WI6$80143191-002 | M35: 8117.6 | N35: P | O35: 0.128 | P35: 0.17 | Q35: 0.05 | R35: 0.015 | S35: 35 | T35: 26 | U35: 18 | V35: S44143SXDU2P | W35: 32 | X35: 41186.27 | Y35: 16380 | Z35: ANODE-KO | AA35: ,pull in | AB35: 3882466551-QTY:15976 | AC35: 3882466550
A36: 2627DV57 | B36: T521T336M018APE0557659 | C36: A521T336M018ASTR01 | D36: FTW121KR | E36: 2026-07-28 | F36: 50760 | G36: 2026-07-28 | H36: 2026-08-19 | I36: T-A42 | J36: 10 | K36: 5 | L36: QOGQ1454A184-013 | M36: 1434.9 | N36: P | O36: 0.094 | P36: 0.076 | Q36: 0.0203 | R36: 0.0098 | S36: 60 | T36: 47 | U36: 18 | V36: S55152IXU2P | W36: 42 | X36: 66066.73 | Y36: 50760 | Z36: ANODE-KO | AA36: fixed,pull in | AC36: 3882421911
A37: 2628PG17 | B37: T521D107M025ATE040 | C37: A521D107M025ASMHSP | D37: TTS50 | E37: 2026-07-28 | F37: 28558 | G37: 2026-07-30 | H37: 2026-08-19 | I37: D | J37: 6 | K37: 4 | L37: WIV$55043187-030 | M37: 5773.1 | N37: P | O37: 0.128 | P37: 0.17 | Q37: 0.064 | R37: 0.015 | S37: 50 | T37: 32 | U37: 18 | V37: S24143SXU3P | W37: 32 | X37: 34325.82 | Y37: 28800 | Z37: ANODE-KO | AA37: fixed,TopRunners,pull in | AC37: 3882472841
A38: 2621P347 | B38: T521V336M025ATE060 | C38: A521V336M025ASMHSP | D38: KBP52 | E38: 2026-07-28 | F38: 45400 | G38: 2026-08-23 | H38: 2026-09-11 | I38: 2.0V | J38: 6 | K38: 4 | L38: WG3L21343141-004 | M38: 1999.2 | N38: P | O38: 0.098 | P38: 0.163 | Q38: 0.033 | R38: 0.015 | S38: 60 | T38: 42 | U38: 18 | V38: S24143SXU3P | W38: 32 | X38: 34822.22 | Y38: 45360 | Z38: ANODE-KO | AA38: ,pull in | AB38: 3882481076,3882481077-QTY:6351 | AC38: 3882481075
A39: 2629QG17 | B39: T521X226M050ATE075 | C39: A521V116M050AS | D39: FTP200 | E39: 2026-07-28 | F39: 16300 | G39: 2026-08-06 | H39: 2026-09-01 | I39: T521X | J39: 2 | K39: 0 | L39: TZ.D20643194-001 | M39: 2017.1 | N39: Y | O39: 0.122 | P39: 0.18 | Q39: 0.047 | R39: 0.015 | S39: 35 | T39: 26 | U39: 18 | V39: X20113V3EP5 | W39: 32 | X39: 55689.84 | Y39: 16380 | Z39: Intransit | AA39: ,pull in | AB39: 3882481922-QTY:1530 | AC39: 3882481921
A40: 2627OY37 | B40: T521T336M018APE0557659 | C40: A521T336M018ASTR01 | D40: FTW121KR | E40: 2026-07-28 | F40: 50706 | G40: 2026-07-28 | H40: 2026-08-19 | I40: T-A42 | J40: 10 | K40: 5 | L40: QOGQ1454A182-011 | M40: 1430 | N40: P | O40: 0.094 | P40: 0.076 | Q40: 0.0203 | R40: 0.0098 | S40: 60 | T40: 47 | U40: 18 | V40: S55152IXU2P | W40: 42 | X40: 66066.73 | Y40: 50760 | Z40: ANODE-KO | AA40: fixed,pull in | AC40: 3882421911
A41: 2628GS67 | B41: T523W476M035APE1007723 | C41: A523W476M035ASE100 | D41: S706 | E41: 2026-07-28 | F41: 23400 | G41: 2026-07-27 | H41: 2026-08-26 | I41: T523W | J41: 3 | K41: 0 | L41: WCU245343191-030 | M41: 4475.5 | N41: Y | O41: 0.14 | P41: 0.21 | Q41: 0.032 | R41: 0.015 | S41: 50 | T41: 26 | U41: 18 | V41: D30123BP7 | W41: 32 | X41: 69156.48 | Y41: 23400 | Z41: ANODE-KO | AA41: fixed,pass due | AB41: 3882487205_x000D_ ,PN1:T523W476M035APE1007723-StartDate:2026-07-27-QTY:6611_x000D_ ,PN:T523W476M035APE100-StartDate:2026-08-01-QTY:3161-OrderNo:3882488090,pass due | AC41: 3882487204
A42: 2625IR17 | B42: T520Y477M006ATE010 | C42: A520V227M006ASMHSM | D42: KBP86 | E42: 2026-07-28 | F42: 39960 | G42: 2026-07-30 | H42: 2026-08-22 | I42: T530Y | J42: 8 | K42: 5 | L42: SWWN35843166-007 | M42: 3683.2 | N42: NGZ | O42: 0.098 | P42: 0.163 | Q42: 0.033 | R42: 0.015 | S42: 60 | T42: 42 | U42: 18 | V42: S35103SXU2P | W42: 32 | X42: 25484.15 | Y42: 45360 | Z42: ANODE-KO | AA42: ,pull in | AB42: 3882459481,3882459482-QTY:13485 | AC42: 3882459480
A43: 2629S257 | B43: T598D476M025ATE060 | C43: A598D476M025AS | D43: FTP200 | E43: 2026-07-28 | F43: 16461 | G43: 2026-07-31 | H43: 2026-08-30 | I43: T59D 1 | J43: 2 | K43: 0 | L43: WANQ32343198-005 | M43: 3250.9 | N43: P | O43: 0.128 | P43: 0.185 | Q43: 0.064 | R43: 0.015 | S43: 35 | T43: 26 | U43: 18 | V43: S20113V6BP7 | W43: 32 | X43: 44505 | Y43: 16380 | Z43: Intransit | AA43: fixed,TopRunners,pull in | AC43: 3882576383
A44: 2629HE57 | B44: T520D337M006ATE0407280 | C44: A520D337M006ASMHSP | D44: KBP76 | E44: 2026-07-28 | F44: 33526 | G44: 2026-07-23 | H44: 2026-08-15 | I44: D | J44: 8 | K44: 5 | L44: SWX743543198-001 | M44: 4345.6 | N44: NGZ | O44: 0.098 | P44: 0.163 | Q44: 0.05 | R44: 0.015 | S44: 50 | T44: 37 | U44: 18 | V44: S35103SXDU2P | W44: 32 | X44: 25813.46 | Y44: 33300 | Z44: Intransit | AA44: fixed,pass due,push out | AB44: 3882441540,3882441541_x000D_ ,PN1:T520D337M006ATE0407280-StartDate:2026-07-23-QTY:2641_x000D_ ,PN:T520D337M006ATE018-StartDate:2026-08-22-QTY:1834-OrderNo:3882441929,pass due | AC44: 3882441539
A45: 2628KK37 | B45: T521D227M016ATE050 | C45: A521D227M016AS | D45: FTW102K | E45: 2026-07-28 | F45: 16372 | G45: 2026-07-30 | H45: 2026-08-22 | I45: D | J45: 8 | K45: 4 | L45: WI6$80143189-004 | M45: 8171.3 | N45: P | O45: 0.128 | P45: 0.17 | Q45: 0.05 | R45: 0.015 | S45: 35 | T45: 26 | U45: 18 | V45: S44143SXDU2P | W45: 32 | X45: 41186.27 | Y45: 16380 | Z45: ANODE-KO | AA45: ,pull in | AB45: 3882466556-QTY:15929 | AC45: 3882466555
